Recorded Date,GASO Name,GASO NPI,Service Counties,Service Cities,Service ZIPs,EOA Name,EOA Description,Rate Type,Contracted Ambulance Provider NPI,Contracted Ambulance Provider Name,A0428 (BLS-NE),A0429 (BLS-E),A0426 (ALS1-NE),A0427 (ALS1-E),A0433 (ALS2),A0434 (SCT),A0998 (Non-TX),A0425 (Mileage),Effective Date,Additional Comments,Source URL,Rate Source URL,EOA Source URL,NPI Source URL,Scraped At
2026-01-11,Alameda County EMS Agency,1205948765.0,Alameda,"Oakland, Fremont, Hayward, Berkeley, San Leandro, Alameda, Livermore, Pleasanton, Dublin, Newark, Union City","94501, 94502, 94536, 94537, 94538, 94539, 94540, 94541, 94542, 94543, 94544, 94545, 94546, 94550, 94551, 94552, 94555, 94557, 94560, 94566, 94568, 94577, 94578, 94579, 94580, 94586, 94587, 94588, 94601, 94602, 94603, 94604, 94605, 94606, 94607, 94608, 94609, 94610, 94611, 94612, 94613, 94614, 94615, 94617, 94618, 94619, 94620, 94621, 94622, 94623, 94624, 94649, 94659, 94660, 94661, 94662, 94666, 94701, 94702, 94703, 94704, 94705, 94706, 94707, 94708, 94709, 94710, 94712, 94720",County-wide,,Emergency (911),1205948765.0,Falck Northern California,,4051.06,,4051.06,,,812.46,91.41,2024-07-01,"Verified from Alameda County FY2024-25 EMS User Fee Schedule - ALS Bundled Base $4,051.06, Mileage $91.41",https://ems.acgov.org/index.page,https://ems.acgov.org/index.page,https://ems.acgov.org/,https://npiregistry.cms.hhs.gov/,2026-02-01T18:51:41.111165
2026-01-11,Mountain-Valley EMS Agency,1316143938.0,Alpine,Markleeville,96120,County-wide,,Emergency (911),1316143938.0,AmWest Ambulance,2860.0,2860.0,4135.04,4135.04,,9100.0,,65.52,2025-07-01,Verified from OCR of MVEMSA 2025 AmWest Ambulance rate form,https://mail.mvemsa.org/resources3/documents/contracts/ground-ambulance-provider-rates/1769-amwest-ground-ambulance-rates-2025/file,https://mail.mvemsa.org/resources3/documents/contracts/ground-ambulance-provider-rates/1769-amwest-ground-ambulance-rates-2025/file,https://mail.mvemsa.org/,https://npiregistry.cms.hhs.gov/,2026-02-01T17:35:15.114428
2026-01-11,Mountain-Valley EMS Agency,1316143938.0,Amador,"Jackson, Sutter Creek, Ione, Plymouth","95601, 95629, 95640, 95642, 95644, 95646, 95654, 95665, 95666, 95669, 95675, 95685, 95689",County-wide,,Emergency (911),1316143938.0,American Legion Ambulance Post 108,1500.69,2474.11,2207.11,3456.1,4150.08,4689.18,1116.31,92.0,2025-07-01,Verified from OCR of MVEMSA 2025 American Legion Ambulance rate form,https://mail.mvemsa.org/resources3/documents/contracts/ground-ambulance-provider-rates/1770-ala-rate-increase-2025-1/file,https://mail.mvemsa.org/resources3/documents/contracts/ground-ambulance-provider-rates/1770-ala-rate-increase-2025-1/file,https://mail.mvemsa.org/,https://npiregistry.cms.hhs.gov/,2026-02-01T17:35:15.114428
2026-01-11,Sierra-Sacramento Valley EMS,1447454541.0,Butte,"Chico, Oroville, Paradise, Gridley","95916, 95917, 95926, 95927, 95928, 95929, 95930, 95938, 95940, 95941, 95942, 95948, 95954, 95958, 95965, 95966, 95967, 95968, 95969, 95973, 95974, 95976, 95978",County-wide,,Emergency (911),1447454541.0,Butte County EMS,,3152.1,,3152.1,,,,71.81,2025-12-01,"Verified from SSV EMS Ground Ambulance Provider Rates (December 1, 2025) - Butte County EMS: ALS $3,152.10, BLS $3,152.10, Mileage $71.81",https://www.ssvems.com/wp-content/uploads/2025/06/S-SV-EMS-Fee-Schedule-Effective-7-1-2025-draft.pdf,https://www.ssvems.com/wp-content/uploads/2026/01/S-SV-EMS-Region-Ground-Ambulance-Rates-12-1-2025.pdf,https://www.ssvems.com/,https://npiregistry.cms.hhs.gov/,2026-02-01T19:18:17.016784
2026-01-11,Mountain-Valley EMS Agency,1316143938.0,Calaveras,"Angels Camp, San Andreas, Arnold","95222, 95223, 95224, 95225, 95226, 95228, 95229, 95230, 95232, 95233, 95245, 95246, 95247, 95248, 95249, 95250, 95251, 95252, 95254, 95255, 95257",County-wide,,Emergency (911),1316143938.0,American Legion Ambulance Post 108,1500.69,2474.11,2207.11,3456.1,4150.08,4689.18,1116.31,92.0,2025-07-01,Verified from OCR of MVEMSA 2025 American Legion Ambulance rate form (serves both Amador & Calaveras),https://mail.mvemsa.org/resources3/documents/contracts/ground-ambulance-provider-rates/1771-ebbetts-pass-rate-increase-2025/file,https://www.alpost108.org/membership-program,https://mail.mvemsa.org/,https://npiregistry.cms.hhs.gov/,2026-02-01T17:35:15.114428
2026-01-11,Sierra-Sacramento Valley EMS,1447454541.0,Colusa,"Colusa, Williams","95912, 95932, 95950, 95970, 95987",County-wide,,Emergency (911),1447454541.0,AMR Colusa County,,3038.5,,3038.5,,12380.82,,97.85,2025-12-01,"Verified from SSV EMS Ground Ambulance Provider Rates (December 1, 2025) - AMR Colusa County: ALS $3,038.50, BLS $3,038.50, CCT $12,380.82, Mileage $97.85",https://www.ssvems.com/wp-content/uploads/2025/06/S-SV-EMS-Fee-Schedule-Effective-7-1-2025-draft.pdf,https://www.ssvems.com/wp-content/uploads/2026/01/S-SV-EMS-Region-Ground-Ambulance-Rates-12-1-2025.pdf,https://www.ssvems.com/,https://npiregistry.cms.hhs.gov/,2026-02-01T19:18:17.016784
2026-01-11,Contra Costa County EMS,1316143946.0,Contra Costa,"Concord, Richmond, Antioch, Walnut Creek, Pittsburg, San Ramon, Brentwood, Martinez, Pleasant Hill, Danville","94556, 94563, 94570",County-wide,Moraga-Orinda Fire District,Emergency (911),1316143946.0,Moraga-Orinda Fire District,,3134.0,,3134.0,,,753.0,50.0,2024-05-15,"Verified from Contra Costa Health website via Selenium - Ambulance Response Base Rate $3,134, Mileage $50",https://www.cchealth.org/about-contra-costa-health/divisions/ems/ambulance-operations/ambulance-rates,https://www.cchealth.org/about-contra-costa-health/divisions/ems/ambulance-operations/ambulance-rates,https://www.cchealth.org/about-contra-costa-health/divisions/ems/,https://npiregistry.cms.hhs.gov/,2026-02-01T17:48:01.676531
2026-01-11,Contra Costa County EMS,1316143946.0,Contra Costa,"Concord, Richmond, Antioch, Walnut Creek, Pittsburg, San Ramon, Brentwood, Martinez, Pleasant Hill, Danville","94506, 94526, 94528, 94582, 94583, 94595, 94596, 94597, 94598",County-wide,San Ramon Valley Fire Protection District,Emergency (911),1316143946.0,San Ramon Valley Fire Protection District,,3668.0,,3668.0,,,800.0,75.0,2023-06-01,"Verified from Contra Costa Health website via Selenium - Ambulance Response Base Rate $3,668, Mileage $75",https://www.cchealth.org/about-contra-costa-health/divisions/ems/ambulance-operations/ambulance-rates,https://www.cchealth.org/about-contra-costa-health/divisions/ems/ambulance-operations/ambulance-rates,https://www.cchealth.org/about-contra-costa-health/divisions/ems/,https://npiregistry.cms.hhs.gov/,2026-02-01T17:48:01.676531
2026-01-11,Contra Costa County EMS,1316143946.0,Contra Costa,"Concord, Richmond, Antioch, Walnut Creek, Pittsburg, San Ramon, Brentwood, Martinez, Pleasant Hill, Danville","94505, 94507, 94509, 94511, 94513, 94514, 94517, 94518, 94519, 94520, 94521, 94523, 94525, 94531, 94547, 94548, 94549, 94553, 94561, 94564, 94565, 94569, 94572, 94575, 94801, 94803, 94804, 94805, 94806, 94850",County-wide,Contra Costa County Fire Protection District,Emergency (911),1316143946.0,Contra Costa County Fire Protection District / AMR,,3202.3,3202.3,3202.3,,,686.66,77.4,2025-05-01,"Verified from Contra Costa Health website via Selenium - Emergency Base Rate $3,202.30, Mileage $77.40",https://www.cchealth.org/about-contra-costa-health/divisions/ems/ambulance-operations/ambulance-rates,https://www.cchealth.org/about-contra-costa-health/divisions/ems/ambulance-operations/ambulance-rates,https://www.cchealth.org/about-contra-costa-health/divisions/ems/,https://npiregistry.cms.hhs.gov/,2026-02-01T17:48:01.676531
2026-01-11,North Coast EMS,1316143920.0,Del Norte,Crescent City,"95531, 95532, 95538, 95543, 95548, 95567",County-wide,,Emergency (911),1316143920.0,North Coast EMS,1800.0,1800.0,2200.0,2200.0,,,,35.0,,"Fallback from notes: ALS $2,200, BLS $1,800, Mileage $35/mi (2025 Del Norte Ambulance rates)",https://www.delnorteambulance.us.com/,https://www.delnorteambulance.us.com/,https://www.delnorteambulance.us.com/,https://npiregistry.cms.hhs.gov/,2026-01-11T22:32:23.114947
2026-01-11,El Dorado County EMS Agency,1629283212.0,El Dorado,"El Dorado Hills, Placerville, Cameron Park, South Lake Tahoe","95613, 95614, 95619, 95623, 95633, 95634, 95635, 95636, 95651, 95656, 95664, 95667, 95672, 95682, 95684, 95709, 95720, 95721, 95726, 95735, 95746, 95762, 96142, 96150, 96151, 96152, 96154, 96155, 96156, 96157, 96158",County-wide,,Emergency (911),1629283212.0,El Dorado County CSA 7,2500.0,2500.0,2131.0,2131.0,2228.0,2998.0,,40.0,2024-07-01,Verified from El Dorado County CSA 7 2024 rate schedule (non-resident rates),https://www.eldoradocounty.ca.gov/files/assets/county/v/1/documents/public-safety-amp-justice/wildfire-amp-disaster/emergency-medical-services/ambulance-rates/ambulance-rate-schedule-2025-csa-7.pdf,https://www.eldoradocounty.ca.gov/files/assets/county/v/1/documents/public-safety-amp-justice/wildfire-amp-disaster/emergency-medical-services/ambulance-rate-schedule-2024-csa-7-final.pdf,https://www.eldoradocounty.ca.gov/Public-Safety-Justice/Emergency-Medical-Services/,https://npiregistry.cms.hhs.gov/,2026-02-01T17:14:44.759772
2026-01-11,Central California EMS Agency,1124333693.0,Fresno,"Fresno, Clovis, Madera, Sanger, Selma, Reedley, Kerman, Coalinga","93210, 93234, 93242, 93602, 93605, 93606, 93607, 93608, 93609, 93611, 93612, 93613, 93616, 93618, 93620, 93621, 93622, 93624, 93625, 93626, 93627, 93628, 93630, 93631, 93634, 93640, 93641, 93648, 93649, 93650, 93651, 93652, 93654, 93656, 93657, 93660, 93662, 93664, 93667, 93668, 93675, 93701, 93702, 93703, 93704, 93705, 93706, 93707, 93708, 93709, 93710, 93711, 93712, 93714, 93715, 93716, 93717, 93718, 93720, 93721, 93722, 93723, 93724, 93725, 93726, 93727, 93728, 93729, 93730",County-wide,,Emergency (911),1124333693.0,American Ambulance - Fresno EOA,1234.0,1481.0,1974.0,2344.0,2736.25,,,49.0,2024-04-01,Verified from CCEMSA April 2024 Ambulance Rate Survey,https://www.fresnocountyca.gov/Departments/Public-Health/Emergency-Services/Emergency-Medical-Services-EMS,https://www.fresnocountyca.gov/files/assets/county/v/1/public-health/emegency-medical-services/compliance-reports/ccemsa-2024-ambulance-rates.pdf,https://www.fresnocountyca.gov/Departments/Public-Health/Emergency-Services/Emergency-Medical-Services-EMS,https://npiregistry.cms.hhs.gov/,2026-02-01T16:53:16.480841
2026-01-11,Sierra-Sacramento Valley EMS,1447454541.0,Glenn,"Willows, Orland","95920, 95939, 95943, 95951, 95963",County-wide,,Emergency (911),1447454541.0,Enloe Ambulance Glenn County,,3759.0,,4665.0,,,1253.0,120.0,2025-12-01,"Verified from SSV EMS Ground Ambulance Provider Rates (December 1, 2025) - Enloe Ambulance Glenn County: ALS $4,665.00, BLS $3,759.00, No Transport $1,253.00, Mileage $120.00",https://www.ssvems.com/wp-content/uploads/2025/06/S-SV-EMS-Fee-Schedule-Effective-7-1-2025-draft.pdf,https://www.ssvems.com/wp-content/uploads/2026/01/S-SV-EMS-Region-Ground-Ambulance-Rates-12-1-2025.pdf,https://www.ssvems.com/,https://npiregistry.cms.hhs.gov/,2026-02-01T19:18:17.016784
2026-01-11,North Coast EMS,1316143920.0,Humboldt,"Eureka, Arcata, Fortuna, McKinleyville","95501, 95502, 95503, 95511, 95514, 95518, 95519, 95521, 95524, 95525, 95526, 95527, 95528, 95534, 95536, 95537, 95540, 95542, 95545, 95546, 95547, 95549, 95550, 95551, 95553, 95554, 95555, 95556, 95558, 95559, 95560, 95562, 95563, 95564, 95565, 95569, 95570, 95571, 95573, 95585, 95587, 95589",County-wide,,Emergency (911),1316143920.0,City Ambulance of Eureka (unverified),1425.0,1425.0,,,,1900.0,,,,"RATES UNVERIFIED - 2015 estimates from news article. Contact North Coast EMS at (707) 445-0443 or City Ambulance for current rates. BLS was $1,425, CCT $1,900 as of Sept 2015.",https://www.northcoastems.com/,https://www.times-standard.com/2015/09/09/city-ambulance-fee-hikes-affect-just-10-percent-of-patients/,https://www.cityambulance.com/,https://npiregistry.cms.hhs.gov/,2026-02-01T19:42:11.802161
2026-01-11,Imperial County EMS Agency,1508984773.0,Imperial,"El Centro, Calexico, Brawley, Imperial, Holtville","92222, 92227, 92231, 92232, 92233, 92243, 92244, 92249, 92250, 92251, 92257, 92259, 92266, 92273, 92275, 92281, 92283",County-wide,,Emergency (911),1508984773.0,Calexico Fire Department EMS,1472.0,1472.0,1651.0,1651.0,,,,,2025-11-07,"Verified from Calexico City Council Nov 2025 EMS fee schedule update (ALS1 $1,651, BLS $1,472)",https://www.icphd.org/emergency-medical-services/policy-protocol-manual,https://calexicochronicle.com/2025/11/07/calexico-city-council-oks-updated-ems-fee-schedule/,https://www.icphd.org/emergency-medical-services/,https://npiregistry.cms.hhs.gov/,2026-02-01T17:15:29.694774
2026-01-11,Inyo County EMS Agency,1417053249.0,Inyo,"Bishop, Lone Pine, Big Pine","92328, 92384, 92389, 93513, 93514, 93515, 93522, 93526, 93530, 93545, 93549, 93562, 93592",County-wide,,Emergency (911),1417053249.0,ICEMA Inyo County Providers,1662.83,1662.83,2473.76,2473.76,,2400.83,,49.77,2024-07-01,"Verified from ICEMA FY 2024-25 Inyo County rate adjustment (ALS $2,473.76, BLS $1,662.83, CCT $2,400.83, Mileage $49.77)",https://www.inyocounty.us/services/health-human-services/emergency-medical-services,https://icema.sbcounty.gov/wp-content/uploads/sites/100/Documents/Transportation/FY%202024-25%20Ambulance%20Rate%20Adjustment-Inyo.pdf,https://www.inyocounty.us/services/health-human-services/emergency-medical-services,https://npiregistry.cms.hhs.gov/,2026-02-01T17:20:19.725348
2026-01-11,Kern County EMS Agency,1376656965.0,Kern,"Bakersfield, Delano, Ridgecrest, Tehachapi, Wasco, Shafter, Arvin, California City","93203, 93205, 93206, 93215, 93216, 93220, 93222, 93224, 93225, 93226, 93238, 93240, 93241, 93243, 93249, 93250, 93251, 93252, 93255, 93263, 93268, 93276, 93280, 93283, 93285, 93287, 93301, 93302, 93303, 93304, 93305, 93306, 93307, 93308, 93309, 93311, 93312, 93313, 93314, 93501, 93502, 93504, 93505, 93516, 93518, 93519, 93523, 93524, 93527, 93528, 93531, 93554, 93555, 93556, 93560, 93561",County-wide,,Emergency (911),1376656965.0,Hall Ambulance Service,2912.12,2912.12,3285.0,3285.0,,,,,2023-04-26,"Verified from KGET/Bakersfield Now news - Hall Ambulance BLS $2,912.12, ALS $3,285 (approved April 2023 by Kern County BOS)",https://www.kernpublichealth.com/emergency-medical-services/ambulance,https://bakersfieldnow.com/news/local/thinking-of-calling-an-ambulance-it-could-cost-more-now-see-if-it-applies-to-you,https://www.kernpublichealth.com/emergency-medical-services/ambulance,https://npiregistry.cms.hhs.gov/,2026-02-01T17:22:52.645723
2026-01-11,Central California EMS Agency,1124333693.0,Kings,"Hanford, Lemoore, Corcoran, Avenal","93202, 93204, 93212, 93230, 93232, 93239, 93245, 93266",County-wide,,Emergency (911),1124333693.0,American Ambulance - Kings County,1234.0,1481.0,1974.0,2344.0,2736.25,,,49.0,2024-04-01,Verified from CCEMSA April 2024 Ambulance Rate Survey,https://www.fresnocountyca.gov/Departments/Public-Health/Emergency-Services/Emergency-Medical-Services-EMS,https://www.fresnocountyca.gov/files/assets/county/v/1/public-health/emegency-medical-services/compliance-reports/ccemsa-2024-ambulance-rates.pdf,https://www.fresnocountyca.gov/Departments/Public-Health/Emergency-Services/Emergency-Medical-Services-EMS,https://npiregistry.cms.hhs.gov/,2026-02-01T16:53:16.481772
2026-01-11,Coastal Valleys EMS Agency,1447454533.0,Lake,"Clearlake, Lakeport, Kelseyville","95422, 95423, 95424, 95426, 95435, 95443, 95451, 95453, 95457, 95458, 95461, 95464, 95467, 95469, 95485, 95493",County-wide,,Emergency (911),1447454533.0,Coastal Valleys EMS Agency,550.0,550.0,550.0,550.0,2337.95,2755.4,189.0,41.4,,,https://www.coastalvalleysems.org/filelink/fileman-files/CVEMSA%202024%20Ambulance%20Rates.pdf,https://www.coastalvalleysems.org/filelink/fileman-files/CVEMSA%202024%20Ambulance%20Rates.pdf,https://www.coastalvalleysems.org/,https://npiregistry.cms.hhs.gov/,2026-01-11T22:31:54.247892
2026-01-11,Northern California EMS,1265547723.0,Lassen,Susanville,"96006, 96009, 96054, 96056, 96068, 96109, 96113, 96114, 96117, 96119, 96121, 96123, 96127, 96128, 96130, 96132, 96136, 96137",County-wide,,Emergency (911),1265547723.0,Sierra Medical Services Alliance,1500.0,3081.46,1800.0,4344.71,,,,72.07,2026-01-01,Verified from NorCal EMS 2026 rate form - SEMSA covers Lassen/Plumas,https://www.lassencounty.org/dept/health-and-social-services/public-health/emergency-medical-services,https://norcalems.org/wp-content/uploads/2025/12/2026-GROUND-AMBULANCE-RATE-FORM-.pdf,https://www.lassencounty.org/,https://npiregistry.cms.hhs.gov/,2026-02-01T16:45:26.279977
2026-01-11,Los Angeles County EMS Agency,1194836114.0,Los Angeles,Los Angeles (City proper),"90001, 90002, 90003, 90004, 90005, 90006, 90007, 90008, 90009, 90010, 90011, 90012, 90013, 90014, 90015, 90016, 90017, 90018, 90019, 90020, 90021, 90022, 90023, 90024, 90025, 90026, 90027, 90028, 90029, 90030, 90031, 90032, 90033, 90034, 90035, 90036, 90037, 90038, 90039, 90040, 90041, 90042, 90043, 90044, 90045, 90046, 90047, 90048, 90049, 90050, 90051, 90052, 90053, 90054, 90055, 90056, 90057, 90058, 90059, 90060, 90061, 90062, 90063, 90064, 90065, 90066, 90067, 90068, 90069, 90070, 90071, 90072, 90073, 90074, 90075, 90076, 90077, 90078, 90079, 90080, 90081, 90082, 90083, 90084, 90086, 90087, 90088, 90089, 90090, 90091, 90093, 90094, 90095, 90096, 90099, 90201, 90202, 90209, 90210, 90211, 90212, 90213, 90220, 90221, 90222, 90223, 90224, 90230, 90231, 90232, 90233, 90239, 90240, 90241, 90242, 90245, 90247, 90248, 90249, 90250, 90251, 90254, 90255, 90260, 90261, 90262, 90263, 90264, 90265, 90266, 90267, 90270, 90272, 90274, 90275, 90277, 90278, 90280, 90290, 90291, 90292, 90293, 90294, 90295, 90296, 90301, 90302, 90303, 90304, 90305, 90306, 90307, 90308, 90309, 90310, 90311, 90312, 90401, 90402, 90403, 90404, 90405, 90501, 90502, 90503, 90504, 90505, 90506, 90507, 90508, 90509, 90510, 90601, 90602, 90603, 90604, 90605, 90606, 90620, 90621, 90630, 90631, 90637, 90638, 90639, 90640, 90650, 90660, 90670, 90701, 90702, 90703, 90704, 90706, 90707, 90710, 90711, 90712, 90713, 90714, 90715, 90716, 90717, 90720, 90721, 90723, 90731, 90732, 90744, 90745, 90746, 90747, 90748, 90755, 90801, 90802, 90803, 90804, 90805, 90806, 90807, 90808, 90810, 90813, 90814, 90815, 91001, 91006, 91007, 91008, 91010, 91011, 91016, 91020, 91024, 91030, 91040, 91042, 91101, 91103, 91104, 91105, 91106, 91107, 91108, 91201, 91202, 91203, 91204, 91205, 91206, 91207, 91208, 91214, 91301, 91302, 91303, 91304, 91306, 91307, 91311, 91316, 91321, 91324, 91325, 91326, 91330, 91331, 91335, 91340, 91342, 91343, 91344, 91345, 91350, 91351, 91352, 91354, 91355, 91356, 91364, 91367, 91381, 91384, 91387, 91390, 91401, 91402, 91403, 91405, 91406, 91411, 91423, 91436, 91501, 91502, 91504, 91505, 91506, 91601, 91602, 91604, 91605, 91606, 91607, 91702, 91706, 91711, 91722, 91723, 91724, 91731, 91732, 91733, 91740, 91741, 91744, 91745, 91746, 91748, 91750, 91754, 91755, 91765, 91766, 91767, 91768, 91770, 91773, 91775, 91776, 91780, 91789, 91790, 91791, 91792, 91801, 91803, 93510, 93532, 93534, 93535, 93536, 93543, 93544, 93550, 93551, 93552, 93553, 93563, 93591",EOA 9,,Emergency (911),1194836114.0,Los Angeles County EMS Agency,2121.0,2276.0,3184.0,3408.0,,3835.0,,30.0,"JULY 1, 2025",,https://file.lacounty.gov/SDSInter/dhs/1179694_LACountyAmbRatesFY2526.pdf,https://file.lacounty.gov/SDSInter/dhs/1179694_LACountyAmbRatesFY2526.pdf,https://file.lacounty.gov/SDSInter/dhs/1144684_Table12aStateAmbulanceZone2021-2022_CR.pdf,https://npiregistry.cms.hhs.gov/,2026-01-11T22:29:41.133681
2026-01-11,Central California EMS Agency,1124333693.0,Madera,"Madera, Chowchilla, Oakhurst","93601, 93604, 93610, 93614, 93636, 93637, 93638, 93639, 93643, 93644, 93645, 93653, 93669",County-wide,,Emergency (911),1124333693.0,Pistoresi Ambulance,1200.0,2300.0,1950.0,2300.0,2700.0,,,46.0,2024-04-01,Verified from CCEMSA April 2024 Ambulance Rate Survey - Pistoresi Ambulance,https://www.fresnocountyca.gov/Departments/Public-Health/Emergency-Services/Emergency-Medical-Services-EMS,https://www.fresnocountyca.gov/files/assets/county/v/1/public-health/emegency-medical-services/compliance-reports/ccemsa-2024-ambulance-rates.pdf,https://www.fresnocountyca.gov/Departments/Public-Health/Emergency-Services/Emergency-Medical-Services-EMS,https://npiregistry.cms.hhs.gov/,2026-02-01T16:53:16.482610
2026-01-11,Marin County EMS Agency,1417053223.0,Marin,"San Rafael, Novato, Mill Valley, Corte Madera, Sausalito, Larkspur, Fairfax, San Anselmo, Tiburon","94901, 94903, 94904, 94920, 94924, 94925, 94929, 94930, 94933, 94937, 94938, 94939, 94940, 94941, 94945, 94946, 94947, 94949, 94950, 94956, 94957, 94960, 94963, 94964, 94965, 94970, 94971, 94973",County-wide,,Emergency (911),1417053223.0,Marin County EMS Agency,4600.0,4600.0,5465.0,5465.0,,14500.0,,75.0,,,https://ems.marinhhs.org/sites/default/files/files/NORCAL%20Ambulance%20Rates%202025.pdf,https://ems.marinhhs.org/sites/default/files/files/NORCAL%20Ambulance%20Rates%202025.pdf,https://ems.marinhhs.org/,https://npiregistry.cms.hhs.gov/,2026-01-11T22:31:09.098010
2026-01-11,Mountain-Valley EMS Agency,1316143938.0,Mariposa,"Mariposa, El Portal, Yosemite","95306, 95311, 95318, 95325, 95338, 95345, 95389",County-wide,,Emergency (911),1316143938.0,Mountain-Valley EMS Agency,5000.0,5000.0,5400.0,5400.0,6000.0,,,,1/1/2025,,https://mail.mvemsa.org/resources3/documents/contracts/ground-ambulance-provider-rates/1772-mercy-ambulance-rates-2025/file,https://mail.mvemsa.org/resources3/documents/contracts/ground-ambulance-provider-rates/1772-mercy-ambulance-rates-2025/file,https://mail.mvemsa.org/,https://npiregistry.cms.hhs.gov/,2026-01-11T22:32:42.241417
2026-01-11,Coastal Valleys EMS Agency,1447454533.0,Mendocino,"Ukiah, Fort Bragg, Willits","95410, 95415, 95417, 95418, 95420, 95427, 95428, 95429, 95432, 95437, 95445, 95449, 95454, 95456, 95459, 95460, 95463, 95466, 95468, 95469, 95470, 95481, 95482, 95488, 95490, 95494",County-wide,,Emergency (911),1447454533.0,Medstar Ambulance of Mendocino County,1425.0,1425.0,1425.0,2275.0,,,,29.5,2024-01-01,Verified from CVEMSA ambulance rates - Medstar of Mendocino County,https://www.coastalvalleysems.org/resources/pdf/ambulancerates.pdf,https://www.coastalvalleysems.org/resources/pdf/ambulancerates.pdf,https://www.coastalvalleysems.org/,https://npiregistry.cms.hhs.gov/,2026-02-01T17:16:57.748001
2026-01-11,Merced County EMS Agency,1508984781.0,Merced,"Merced, Los Banos, Atwater, Livingston, Gustine","95301, 95303, 95312, 95315, 95317, 95322, 95324, 95333, 95334, 95340, 95341, 95343, 95344, 95348, 95365, 95369, 95374, 95388",County-wide,,Emergency (911),1508984781.0,Merced County EMS Agency,2450.0,2450.0,2950.0,2950.0,,,,48.0,,"Fallback from notes: ALS $2,950, BLS $2,450, Mileage $48/mi (2025 Riggs Ambulance rates)",https://www.co.merced.ca.us/118/Emergency-Medical-Services,https://www.co.merced.ca.us/118/Emergency-Medical-Services,https://www.co.merced.ca.us/118/Emergency-Medical-Services,https://npiregistry.cms.hhs.gov/,2026-01-11T22:31:07.324827
2026-01-11,Northern California EMS,1265547723.0,Modoc,Alturas,"96015, 96101, 96104, 96108, 96110, 96112, 96115, 96116, 96134",County-wide,,Emergency (911),1265547723.0,Modoc Medical Center Ambulance,1771.78,3061.39,2312.68,4616.89,5094.6,5507.64,,24.04,2026-01-01,Verified from NorCal EMS 2026 rate form,https://norcalems.org/,https://norcalems.org/wp-content/uploads/2025/12/2026-GROUND-AMBULANCE-RATE-FORM-.pdf,https://norcalems.org/,https://npiregistry.cms.hhs.gov/,2026-02-01T16:45:26.279136
2026-01-11,Mountain-Valley EMS Agency,1316143938.0,Mono,"Mammoth Lakes, Bridgeport, Lee Vining","93512, 93517, 93529, 93541, 93546, 96107, 96133",County-wide,,Emergency (911),1316143938.0,ICEMA Mono County EMS,1662.83,1662.83,2473.76,2473.76,,2400.83,,49.77,2024-07-01,"Verified from ICEMA FY 2024-25 rates (same LEMSA as Inyo - ALS $2,473.76, BLS $1,662.83, CCT $2,400.83, Mileage $49.77)",https://mail.mvemsa.org/resources3/documents/contracts/ground-ambulance-provider-rates/1769-amwest-ground-ambulance-rates-2025/file,https://icema.sbcounty.gov/about-us/reports/transportation/,https://mail.mvemsa.org/,https://npiregistry.cms.hhs.gov/,2026-02-01T17:20:19.726294
2026-01-11,Monterey County EMS Agency,1508984765.0,Monterey,"Salinas, Monterey, Seaside, Marina, Pacific Grove, Carmel, Gonzales, Soledad, King City","93426, 93450, 93451, 93901, 93902, 93905, 93906, 93907, 93908, 93920, 93921, 93922, 93923, 93924, 93925, 93926, 93927, 93928, 93930, 93932, 93933, 93940, 93943, 93950, 93953, 93954, 93955, 93960, 93962, 95004, 95012, 95039",County-wide,,Emergency (911),1508984765.0,Monterey County Regional Fire Protection District / AMR,3648.0,3648.0,3965.38,3965.38,,,,55.0,2023-07-01,"Verified from MCRFD FY 2023-24 fee schedule - ALS $3,965.38, BLS $3,648 (in-district rates)",https://www.countyofmonterey.gov/government/departments-a-h/health/emergency-medical-services/ems-agency/ambulance-billing-and-service-concerns,https://www.mcrfd.org/files/83b25d374/2023-24+Fee+Schedule.pdf,https://www.countyofmonterey.gov/government/departments-a-h/health/emergency-medical-services/,https://npiregistry.cms.hhs.gov/,2026-02-01T17:23:48.172617
2026-01-11,Napa County EMS Agency,1508984757.0,Napa,"Napa, American Canyon, St. Helena, Calistoga, Yountville","94503, 94508, 94515, 94558, 94559, 94562, 94567, 94573, 94574, 94576, 94581, 94599",County-wide,,Emergency (911),1508984757.0,AMR,2600.0,2997.0,3100.0,3100.0,,,,97.0,2024-01-01,"Verified from Napa County AMR contract - base rate $2,997, mileage $97",https://www.napacounty.gov/756/Emergency-Medical-Services-EMS-Agency,https://www.napacounty.gov/772/Ambulance-Franchise,https://www.napacounty.gov/756/Emergency-Medical-Services-EMS-Agency,https://npiregistry.cms.hhs.gov/,2026-02-01T16:45:26.283699
2026-01-11,Sierra-Sacramento Valley EMS,1447454541.0,Nevada,"Grass Valley, Nevada City, Truckee, Penn Valley","95712, 95714, 95715, 95724, 95728, 95945, 95946, 95949, 95959, 95960, 95975, 95977, 95986, 96111, 96140, 96141, 96143, 96145, 96146, 96148, 96160, 96161, 96162",County-wide,,Emergency (911),1447454541.0,"Multiple providers (North Tahoe Fire, Penn Valley Fire, Truckee Fire)",,2358.0,,2358.0,,,,51.0,2025-12-01,"Verified from SSV EMS Ground Ambulance Provider Rates (December 1, 2025) - North Tahoe Fire: ALS/BLS $2,358, Mileage $51; Penn Valley Fire: ALS $4,024, BLS $3,264, Mileage $75; Truckee Fire: ALS/BLS $2,739.77, Mileage $51.51. Rates vary by provider.",https://www.ssvems.com/wp-content/uploads/2025/06/S-SV-EMS-Fee-Schedule-Effective-7-1-2025-draft.pdf,https://www.ssvems.com/wp-content/uploads/2026/01/S-SV-EMS-Region-Ground-Ambulance-Rates-12-1-2025.pdf,https://www.ssvems.com/,https://npiregistry.cms.hhs.gov/,2026-02-01T19:18:17.016784
2026-01-11,Orange County EMS Agency,1780719567.0,Orange,"Anaheim, Santa Ana, Irvine, Huntington Beach, Orange, Fullerton, Costa Mesa, Newport Beach, Garden Grove, Westminster, Laguna Beach, Mission Viejo, San Clemente","92602, 92603, 92604, 92606, 92610, 92612, 92614, 92617, 92618, 92620, 92624, 92625, 92626, 92627, 92629, 92630, 92637, 92646, 92647, 92648, 92649, 92651, 92653, 92655, 92656, 92657, 92660, 92661, 92662, 92663, 92672, 92673, 92675, 92676, 92677, 92679, 92683, 92688, 92691, 92692, 92693, 92694, 92697, 92701, 92703, 92704, 92705, 92706, 92707, 92708, 92780, 92782, 92801, 92802, 92804, 92805, 92806, 92807, 92808, 92821, 92823, 92831, 92832, 92833, 92835, 92840, 92841, 92843, 92844, 92845, 92861, 92865, 92866, 92867, 92868, 92869, 92870, 92886, 92887",Region A-E,,Emergency (911),1780719567.0,Orange County EMS Agency,,2413.51,,2923.74,,,,25.1,"JULY 1, 2025",,https://www.ochealthinfo.com/sites/healthcare/files/2025-07/%235475%20-%20Maximum%20Emergency%20Ground%20Ambulance%20Rates%20-%20July%201%2C%202025.pdf,https://www.ochealthinfo.com/sites/healthcare/files/2025-07/%235475%20-%20Maximum%20Emergency%20Ground%20Ambulance%20Rates%20-%20July%201%2C%202025.pdf,https://ochealthinfo.com/providers-partners/emergency-medical-services/ambulance-performance-section,https://npiregistry.cms.hhs.gov/,2026-01-11T22:29:45.807926
2026-01-11,Sierra-Sacramento Valley EMS,1447454541.0,Placer,"Roseville, Rocklin, Lincoln, Auburn, Loomis, Tahoe City","95602, 95603, 95604, 95631, 95648, 95650, 95658, 95661, 95663, 95668, 95677, 95678, 95681, 95701, 95703, 95713, 95717, 95722, 95736, 95747, 95765, 96140, 96141, 96143, 96145, 96146, 96148, 96161",County-wide,,Emergency (911),1447454541.0,AMR Placer County,,3381.25,,2652.97,,13866.52,,63.34,2025-12-01,"Verified from SSV EMS Ground Ambulance Provider Rates (December 1, 2025) - AMR Placer County: ALS $2,652.97, BLS $3,381.25, CCT $13,866.52, Mileage $63.34(E)/$101.90(NE). Also South Placer Fire, Foresthill Fire, Truckee Fire serve the county.",https://www.ssvems.com/wp-content/uploads/2025/06/S-SV-EMS-Fee-Schedule-Effective-7-1-2025-draft.pdf,https://www.ssvems.com/wp-content/uploads/2026/01/S-SV-EMS-Region-Ground-Ambulance-Rates-12-1-2025.pdf,https://www.ssvems.com/,https://npiregistry.cms.hhs.gov/,2026-02-01T19:18:17.016784
2026-01-11,Northern California EMS,1265547723.0,Plumas,"Quincy, Portola","95915, 95923, 95934, 95936, 95947, 95956, 95971, 95980, 95981, 95983, 95984, 96020, 96103, 96105, 96106, 96122, 96124, 96126, 96129, 96135",County-wide,,Emergency (911),1265547723.0,Plumas District Hospital Ambulance,2315.0,2315.0,3270.0,3473.0,3879.0,4961.0,,69.0,2026-01-01,Verified from NorCal EMS 2026 rate form,https://norcalems.org/,https://norcalems.org/wp-content/uploads/2025/12/2026-GROUND-AMBULANCE-RATE-FORM-.pdf,https://norcalems.org/,https://npiregistry.cms.hhs.gov/,2026-02-01T16:45:26.280960
2026-02-01,Care Medical Transport,,Riverside,,"91752, 92201, 92203, 92210, 92211, 92220, 92223, 92225, 92230, 92234, 92236, 92239, 92240, 92241, 92253, 92254, 92258, 92260, 92262, 92264, 92270, 92274, 92276, 92282, 92320, 92501, 92503, 92504, 92505, 92506, 92507, 92508, 92509, 92530, 92532, 92536, 92543, 92544, 92545, 92548, 92549, 92551, 92553, 92555, 92557, 92561, 92562, 92563, 92567, 92570, 92571, 92582, 92583, 92584, 92585, 92586, 92587, 92590, 92591, 92592, 92595, 92596, 92860, 92879, 92880, 92881, 92882, 92883",,,Non-Emergency (IFT),,Care Medical Transport,,1984.5,,6573.1,,7033.21,,39.04,,,https://rivcoready.org/sites/g/files/aldnop181/files/2025-07/Ambulance%20FY25-26%20Rate%20Sheet.pdf,https://rivcoready.org/sites/g/files/aldnop181/files/2025-07/Ambulance%20FY25-26%20Rate%20Sheet.pdf,,https://npiregistry.cms.hhs.gov/,2026-02-01T16:16:01.956822
2026-01-11,Riverside County EMS Agency,1376656981.0,Riverside,"Desert Hot Springs, Sky Valley","91752, 92201, 92203, 92210, 92211, 92220, 92223, 92225, 92230, 92234, 92236, 92239, 92240, 92241, 92253, 92254, 92258, 92260, 92262, 92264, 92270, 92274, 92276, 92282, 92320, 92501, 92503, 92504, 92505, 92506, 92507, 92508, 92509, 92530, 92532, 92536, 92543, 92544, 92545, 92548, 92549, 92551, 92553, 92555, 92557, 92561, 92562, 92563, 92567, 92570, 92571, 92582, 92583, 92584, 92585, 92586, 92587, 92590, 92591, 92592, 92595, 92596, 92860, 92879, 92880, 92881, 92882, 92883",The Coves,The Coves area,Emergency (911),1376656981.0,Riverside County EMS Agency,,1450.0,,,,,,29.0,"July 1, 2025",,https://rivcoready.org/sites/g/files/aldnop181/files/2025-07/Ambulance%20FY25-26%20Rate%20Sheet.pdf,https://rivcoready.org/sites/g/files/aldnop181/files/2025-07/Ambulance%20FY25-26%20Rate%20Sheet.pdf,https://rivcoready.org/sites/g/files/aldnop181/files/2025-07/Ambulance%20FY25-26%20Rate%20Sheet.pdf,https://npiregistry.cms.hhs.gov/,2026-01-11T22:29:47.170364
2026-01-11,Riverside County EMS Agency,1376656981.0,Riverside,"Desert Hot Springs, Sky Valley","91752, 92201, 92203, 92210, 92211, 92220, 92223, 92225, 92230, 92234, 92236, 92239, 92240, 92241, 92253, 92254, 92258, 92260, 92262, 92264, 92270, 92274, 92276, 92282, 92320, 92501, 92503, 92504, 92505, 92506, 92507, 92508, 92509, 92530, 92532, 92536, 92543, 92544, 92545, 92548, 92549, 92551, 92553, 92555, 92557, 92561, 92562, 92563, 92567, 92570, 92571, 92582, 92583, 92584, 92585, 92586, 92587, 92590, 92591, 92592, 92595, 92596, 92860, 92879, 92880, 92881, 92882, 92883",The Coves,Cathedral City,Emergency (911),1376656981.0,Riverside County EMS Agency,,2100.0,,2100.0,,,,35.0,"July 1, 2025",,https://rivcoready.org/sites/g/files/aldnop181/files/2025-07/Ambulance%20FY25-26%20Rate%20Sheet.pdf,https://rivcoready.org/sites/g/files/aldnop181/files/2025-07/Ambulance%20FY25-26%20Rate%20Sheet.pdf,https://rivcoready.org/sites/g/files/aldnop181/files/2025-07/Ambulance%20FY25-26%20Rate%20Sheet.pdf,https://npiregistry.cms.hhs.gov/,2026-01-11T22:29:47.170270
2026-01-11,Riverside County EMS Agency,1376656981.0,Riverside,"Desert Hot Springs, Sky Valley","91752, 92201, 92203, 92210, 92211, 92220, 92223, 92225, 92230, 92234, 92236, 92239, 92240, 92241, 92253, 92254, 92258, 92260, 92262, 92264, 92270, 92274, 92276, 92282, 92320, 92501, 92503, 92504, 92505, 92506, 92507, 92508, 92509, 92530, 92532, 92536, 92543, 92544, 92545, 92548, 92549, 92551, 92553, 92555, 92557, 92561, 92562, 92563, 92567, 92570, 92571, 92582, 92583, 92584, 92585, 92586, 92587, 92590, 92591, 92592, 92595, 92596, 92860, 92879, 92880, 92881, 92882, 92883",The Coves,Idyllwild area,Emergency (911),1376656981.0,Riverside County EMS Agency,,1850.0,,2650.0,,,,57.5,"July 1, 2025",,https://rivcoready.org/sites/g/files/aldnop181/files/2025-07/Ambulance%20FY25-26%20Rate%20Sheet.pdf,https://rivcoready.org/sites/g/files/aldnop181/files/2025-07/Ambulance%20FY25-26%20Rate%20Sheet.pdf,https://rivcoready.org/sites/g/files/aldnop181/files/2025-07/Ambulance%20FY25-26%20Rate%20Sheet.pdf,https://npiregistry.cms.hhs.gov/,2026-01-11T22:29:47.170551
2026-01-11,Riverside County EMS Agency,1376656981.0,Riverside,"Desert Hot Springs, Sky Valley","91752, 92201, 92203, 92210, 92211, 92220, 92223, 92225, 92230, 92234, 92236, 92239, 92240, 92241, 92253, 92254, 92258, 92260, 92262, 92264, 92270, 92274, 92276, 92282, 92320, 92501, 92503, 92504, 92505, 92506, 92507, 92508, 92509, 92530, 92532, 92536, 92543, 92544, 92545, 92548, 92549, 92551, 92553, 92555, 92557, 92561, 92562, 92563, 92567, 92570, 92571, 92582, 92583, 92584, 92585, 92586, 92587, 92590, 92591, 92592, 92595, 92596, 92860, 92879, 92880, 92881, 92882, 92883",The Coves,"Riverside, Hemet, Palm Springs, Blythe areas",Emergency (911),1376656981.0,Riverside County EMS Agency,,3446.16,,3446.16,,,,83.8,"July 1, 2025",,https://rivcoready.org/sites/g/files/aldnop181/files/2025-07/Ambulance%20FY25-26%20Rate%20Sheet.pdf,https://rivcoready.org/sites/g/files/aldnop181/files/2025-07/Ambulance%20FY25-26%20Rate%20Sheet.pdf,https://rivcoready.org/sites/g/files/aldnop181/files/2025-07/Ambulance%20FY25-26%20Rate%20Sheet.pdf,https://npiregistry.cms.hhs.gov/,2026-01-11T22:29:47.170109
2026-02-01,Cavalry,,Riverside,,"91752, 92201, 92203, 92210, 92211, 92220, 92223, 92225, 92230, 92234, 92236, 92239, 92240, 92241, 92253, 92254, 92258, 92260, 92262, 92264, 92270, 92274, 92276, 92282, 92320, 92501, 92503, 92504, 92505, 92506, 92507, 92508, 92509, 92530, 92532, 92536, 92543, 92544, 92545, 92548, 92549, 92551, 92553, 92555, 92557, 92561, 92562, 92563, 92567, 92570, 92571, 92582, 92583, 92584, 92585, 92586, 92587, 92590, 92591, 92592, 92595, 92596, 92860, 92879, 92880, 92881, 92882, 92883",,,Non-Emergency (IFT),,Cavalry,,1500.0,,,,3100.0,,37.0,,,https://rivcoready.org/sites/g/files/aldnop181/files/2025-07/Ambulance%20FY25-26%20Rate%20Sheet.pdf,https://rivcoready.org/sites/g/files/aldnop181/files/2025-07/Ambulance%20FY25-26%20Rate%20Sheet.pdf,,https://npiregistry.cms.hhs.gov/,2026-02-01T16:16:01.956825
2026-02-01,Symbiosis (Symons),,Riverside,,"91752, 92201, 92203, 92210, 92211, 92220, 92223, 92225, 92230, 92234, 92236, 92239, 92240, 92241, 92253, 92254, 92258, 92260, 92262, 92264, 92270, 92274, 92276, 92282, 92320, 92501, 92503, 92504, 92505, 92506, 92507, 92508, 92509, 92530, 92532, 92536, 92543, 92544, 92545, 92548, 92549, 92551, 92553, 92555, 92557, 92561, 92562, 92563, 92567, 92570, 92571, 92582, 92583, 92584, 92585, 92586, 92587, 92590, 92591, 92592, 92595, 92596, 92860, 92879, 92880, 92881, 92882, 92883",,,Non-Emergency (IFT),,Symbiosis (Symons),,1984.5,,6573.1,,7033.21,,39.04,,,https://rivcoready.org/sites/g/files/aldnop181/files/2025-07/Ambulance%20FY25-26%20Rate%20Sheet.pdf,https://rivcoready.org/sites/g/files/aldnop181/files/2025-07/Ambulance%20FY25-26%20Rate%20Sheet.pdf,,https://npiregistry.cms.hhs.gov/,2026-02-01T16:16:01.956840
2026-02-01,Primary Ambulance,,Riverside,,"91752, 92201, 92203, 92210, 92211, 92220, 92223, 92225, 92230, 92234, 92236, 92239, 92240, 92241, 92253, 92254, 92258, 92260, 92262, 92264, 92270, 92274, 92276, 92282, 92320, 92501, 92503, 92504, 92505, 92506, 92507, 92508, 92509, 92530, 92532, 92536, 92543, 92544, 92545, 92548, 92549, 92551, 92553, 92555, 92557, 92561, 92562, 92563, 92567, 92570, 92571, 92582, 92583, 92584, 92585, 92586, 92587, 92590, 92591, 92592, 92595, 92596, 92860, 92879, 92880, 92881, 92882, 92883",,,Non-Emergency (IFT),,Primary Ambulance,,2200.0,,4200.0,,6250.0,,42.5,,,https://rivcoready.org/sites/g/files/aldnop181/files/2025-07/Ambulance%20FY25-26%20Rate%20Sheet.pdf,https://rivcoready.org/sites/g/files/aldnop181/files/2025-07/Ambulance%20FY25-26%20Rate%20Sheet.pdf,,https://npiregistry.cms.hhs.gov/,2026-02-01T16:16:01.956833
2026-02-01,Cathedral City F.D.,,Riverside,,"91752, 92201, 92203, 92210, 92211, 92220, 92223, 92225, 92230, 92234, 92236, 92239, 92240, 92241, 92253, 92254, 92258, 92260, 92262, 92264, 92270, 92274, 92276, 92282, 92320, 92501, 92503, 92504, 92505, 92506, 92507, 92508, 92509, 92530, 92532, 92536, 92543, 92544, 92545, 92548, 92549, 92551, 92553, 92555, 92557, 92561, 92562, 92563, 92567, 92570, 92571, 92582, 92583, 92584, 92585, 92586, 92587, 92590, 92591, 92592, 92595, 92596, 92860, 92879, 92880, 92881, 92882, 92883",,,Emergency (911),,Cathedral City F.D.,,2100.0,,2100.0,,,,35.0,,,https://rivcoready.org/sites/g/files/aldnop181/files/2025-07/Ambulance%20FY25-26%20Rate%20Sheet.pdf,https://rivcoready.org/sites/g/files/aldnop181/files/2025-07/Ambulance%20FY25-26%20Rate%20Sheet.pdf,,https://npiregistry.cms.hhs.gov/,2026-02-01T16:16:01.956794
2026-02-01,Premier Med. Trans.,,Riverside,,"91752, 92201, 92203, 92210, 92211, 92220, 92223, 92225, 92230, 92234, 92236, 92239, 92240, 92241, 92253, 92254, 92258, 92260, 92262, 92264, 92270, 92274, 92276, 92282, 92320, 92501, 92503, 92504, 92505, 92506, 92507, 92508, 92509, 92530, 92532, 92536, 92543, 92544, 92545, 92548, 92549, 92551, 92553, 92555, 92557, 92561, 92562, 92563, 92567, 92570, 92571, 92582, 92583, 92584, 92585, 92586, 92587, 92590, 92591, 92592, 92595, 92596, 92860, 92879, 92880, 92881, 92882, 92883",,,Non-Emergency (IFT),,Premier Med. Trans.,,1984.5,,6573.1,,7033.21,,39.04,,,https://rivcoready.org/sites/g/files/aldnop181/files/2025-07/Ambulance%20FY25-26%20Rate%20Sheet.pdf,https://rivcoready.org/sites/g/files/aldnop181/files/2025-07/Ambulance%20FY25-26%20Rate%20Sheet.pdf,,https://npiregistry.cms.hhs.gov/,2026-02-01T16:16:01.956829
2026-02-01,Air Methods (Mercy Air),,Riverside,,"91752, 92201, 92203, 92210, 92211, 92220, 92223, 92225, 92230, 92234, 92236, 92239, 92240, 92241, 92253, 92254, 92258, 92260, 92262, 92264, 92270, 92274, 92276, 92282, 92320, 92501, 92503, 92504, 92505, 92506, 92507, 92508, 92509, 92530, 92532, 92536, 92543, 92544, 92545, 92548, 92549, 92551, 92553, 92555, 92557, 92561, 92562, 92563, 92567, 92570, 92571, 92582, 92583, 92584, 92585, 92586, 92587, 92590, 92591, 92592, 92595, 92596, 92860, 92879, 92880, 92881, 92882, 92883",,,Non-Emergency (IFT),,Air Methods (Mercy Air),,,,50920.37,,,,515.12,,,https://rivcoready.org/sites/g/files/aldnop181/files/2025-07/Ambulance%20FY25-26%20Rate%20Sheet.pdf,https://rivcoready.org/sites/g/files/aldnop181/files/2025-07/Ambulance%20FY25-26%20Rate%20Sheet.pdf,,https://npiregistry.cms.hhs.gov/,2026-02-01T16:16:01.956815
2026-02-01,AMR Riv/Hmt/PS/Blythe,,Riverside,,"91752, 92201, 92203, 92210, 92211, 92220, 92223, 92225, 92230, 92234, 92236, 92239, 92240, 92241, 92253, 92254, 92258, 92260, 92262, 92264, 92270, 92274, 92276, 92282, 92320, 92501, 92503, 92504, 92505, 92506, 92507, 92508, 92509, 92530, 92532, 92536, 92543, 92544, 92545, 92548, 92549, 92551, 92553, 92555, 92557, 92561, 92562, 92563, 92567, 92570, 92571, 92582, 92583, 92584, 92585, 92586, 92587, 92590, 92591, 92592, 92595, 92596, 92860, 92879, 92880, 92881, 92882, 92883",,,Non-Emergency (IFT),,AMR Riv/Hmt/PS/Blythe,,1625.83,,2778.08,,3753.6,,83.8,,,https://rivcoready.org/sites/g/files/aldnop181/files/2025-07/Ambulance%20FY25-26%20Rate%20Sheet.pdf,https://rivcoready.org/sites/g/files/aldnop181/files/2025-07/Ambulance%20FY25-26%20Rate%20Sheet.pdf,,https://npiregistry.cms.hhs.gov/,2026-02-01T16:16:01.956818
2026-01-11,Riverside County EMS Agency,1376656981.0,Riverside,"Desert Hot Springs, Sky Valley","91752, 92201, 92203, 92210, 92211, 92220, 92223, 92225, 92230, 92234, 92236, 92239, 92240, 92241, 92253, 92254, 92258, 92260, 92262, 92264, 92270, 92274, 92276, 92282, 92320, 92501, 92503, 92504, 92505, 92506, 92507, 92508, 92509, 92530, 92532, 92536, 92543, 92544, 92545, 92548, 92549, 92551, 92553, 92555, 92557, 92561, 92562, 92563, 92567, 92570, 92571, 92582, 92583, 92584, 92585, 92586, 92587, 92590, 92591, 92592, 92595, 92596, 92860, 92879, 92880, 92881, 92882, 92883",The Coves,Indio area,Emergency (911),1376656981.0,Riverside County EMS Agency,,1564.0,,,,,,30.0,"July 1, 2025",,https://rivcoready.org/sites/g/files/aldnop181/files/2025-07/Ambulance%20FY25-26%20Rate%20Sheet.pdf,https://rivcoready.org/sites/g/files/aldnop181/files/2025-07/Ambulance%20FY25-26%20Rate%20Sheet.pdf,https://rivcoready.org/sites/g/files/aldnop181/files/2025-07/Ambulance%20FY25-26%20Rate%20Sheet.pdf,https://npiregistry.cms.hhs.gov/,2026-01-11T22:29:47.170448
2026-02-01,Riv. Co. F.D. Coves,,Riverside,,"91752, 92201, 92203, 92210, 92211, 92220, 92223, 92225, 92230, 92234, 92236, 92239, 92240, 92241, 92253, 92254, 92258, 92260, 92262, 92264, 92270, 92274, 92276, 92282, 92320, 92501, 92503, 92504, 92505, 92506, 92507, 92508, 92509, 92530, 92532, 92536, 92543, 92544, 92545, 92548, 92549, 92551, 92553, 92555, 92557, 92561, 92562, 92563, 92567, 92570, 92571, 92582, 92583, 92584, 92585, 92586, 92587, 92590, 92591, 92592, 92595, 92596, 92860, 92879, 92880, 92881, 92882, 92883",,,Emergency (911),,Riv. Co. F.D. Coves,,,,1450.0,,,,29.0,,,https://rivcoready.org/sites/g/files/aldnop181/files/2025-07/Ambulance%20FY25-26%20Rate%20Sheet.pdf,https://rivcoready.org/sites/g/files/aldnop181/files/2025-07/Ambulance%20FY25-26%20Rate%20Sheet.pdf,,https://npiregistry.cms.hhs.gov/,2026-02-01T16:16:01.956798
2026-02-01,Riv. Co. F.D. Indio,,Riverside,,"91752, 92201, 92203, 92210, 92211, 92220, 92223, 92225, 92230, 92234, 92236, 92239, 92240, 92241, 92253, 92254, 92258, 92260, 92262, 92264, 92270, 92274, 92276, 92282, 92320, 92501, 92503, 92504, 92505, 92506, 92507, 92508, 92509, 92530, 92532, 92536, 92543, 92544, 92545, 92548, 92549, 92551, 92553, 92555, 92557, 92561, 92562, 92563, 92567, 92570, 92571, 92582, 92583, 92584, 92585, 92586, 92587, 92590, 92591, 92592, 92595, 92596, 92860, 92879, 92880, 92881, 92882, 92883",,,Emergency (911),,Riv. Co. F.D. Indio,,,,1564.0,,,,30.0,,,https://rivcoready.org/sites/g/files/aldnop181/files/2025-07/Ambulance%20FY25-26%20Rate%20Sheet.pdf,https://rivcoready.org/sites/g/files/aldnop181/files/2025-07/Ambulance%20FY25-26%20Rate%20Sheet.pdf,,https://npiregistry.cms.hhs.gov/,2026-02-01T16:16:01.956801
2026-02-01,Idyllwild Fire Prot. Dist.,,Riverside,,"91752, 92201, 92203, 92210, 92211, 92220, 92223, 92225, 92230, 92234, 92236, 92239, 92240, 92241, 92253, 92254, 92258, 92260, 92262, 92264, 92270, 92274, 92276, 92282, 92320, 92501, 92503, 92504, 92505, 92506, 92507, 92508, 92509, 92530, 92532, 92536, 92543, 92544, 92545, 92548, 92549, 92551, 92553, 92555, 92557, 92561, 92562, 92563, 92567, 92570, 92571, 92582, 92583, 92584, 92585, 92586, 92587, 92590, 92591, 92592, 92595, 92596, 92860, 92879, 92880, 92881, 92882, 92883",,,Emergency (911),,Idyllwild Fire Prot. Dist.,,1850.0,,2650.0,,,,57.5,,,https://rivcoready.org/sites/g/files/aldnop181/files/2025-07/Ambulance%20FY25-26%20Rate%20Sheet.pdf,https://rivcoready.org/sites/g/files/aldnop181/files/2025-07/Ambulance%20FY25-26%20Rate%20Sheet.pdf,,https://npiregistry.cms.hhs.gov/,2026-02-01T16:16:01.956804
2026-02-01,Air Methods (Air Amb.),,Riverside,,"91752, 92201, 92203, 92210, 92211, 92220, 92223, 92225, 92230, 92234, 92236, 92239, 92240, 92241, 92253, 92254, 92258, 92260, 92262, 92264, 92270, 92274, 92276, 92282, 92320, 92501, 92503, 92504, 92505, 92506, 92507, 92508, 92509, 92530, 92532, 92536, 92543, 92544, 92545, 92548, 92549, 92551, 92553, 92555, 92557, 92561, 92562, 92563, 92567, 92570, 92571, 92582, 92583, 92584, 92585, 92586, 92587, 92590, 92591, 92592, 92595, 92596, 92860, 92879, 92880, 92881, 92882, 92883",,,Emergency (911),,Air Methods (Air Amb.),,,,50920.37,,,,515.12,,,https://rivcoready.org/sites/g/files/aldnop181/files/2025-07/Ambulance%20FY25-26%20Rate%20Sheet.pdf,https://rivcoready.org/sites/g/files/aldnop181/files/2025-07/Ambulance%20FY25-26%20Rate%20Sheet.pdf,,https://npiregistry.cms.hhs.gov/,2026-02-01T16:16:01.956776
2026-02-01,Advantage Ambulance,,Riverside,,"91752, 92201, 92203, 92210, 92211, 92220, 92223, 92225, 92230, 92234, 92236, 92239, 92240, 92241, 92253, 92254, 92258, 92260, 92262, 92264, 92270, 92274, 92276, 92282, 92320, 92501, 92503, 92504, 92505, 92506, 92507, 92508, 92509, 92530, 92532, 92536, 92543, 92544, 92545, 92548, 92549, 92551, 92553, 92555, 92557, 92561, 92562, 92563, 92567, 92570, 92571, 92582, 92583, 92584, 92585, 92586, 92587, 92590, 92591, 92592, 92595, 92596, 92860, 92879, 92880, 92881, 92882, 92883",,,Non-Emergency (IFT),,Advantage Ambulance,,1969.95,,3515.24,,6319.69,,6.0,,,https://rivcoready.org/sites/g/files/aldnop181/files/2025-07/Ambulance%20FY25-26%20Rate%20Sheet.pdf,https://rivcoready.org/sites/g/files/aldnop181/files/2025-07/Ambulance%20FY25-26%20Rate%20Sheet.pdf,,https://npiregistry.cms.hhs.gov/,2026-02-01T16:16:01.956811
2026-02-01,R.E.A.C.H. Air (Air Amb.),,Riverside,,"91752, 92201, 92203, 92210, 92211, 92220, 92223, 92225, 92230, 92234, 92236, 92239, 92240, 92241, 92253, 92254, 92258, 92260, 92262, 92264, 92270, 92274, 92276, 92282, 92320, 92501, 92503, 92504, 92505, 92506, 92507, 92508, 92509, 92530, 92532, 92536, 92543, 92544, 92545, 92548, 92549, 92551, 92553, 92555, 92557, 92561, 92562, 92563, 92567, 92570, 92571, 92582, 92583, 92584, 92585, 92586, 92587, 92590, 92591, 92592, 92595, 92596, 92860, 92879, 92880, 92881, 92882, 92883",,,Non-Emergency (IFT),,R.E.A.C.H. Air (Air Amb.),,,,63900.0,,,,566.0,,,https://rivcoready.org/sites/g/files/aldnop181/files/2025-07/Ambulance%20FY25-26%20Rate%20Sheet.pdf,https://rivcoready.org/sites/g/files/aldnop181/files/2025-07/Ambulance%20FY25-26%20Rate%20Sheet.pdf,,https://npiregistry.cms.hhs.gov/,2026-02-01T16:16:01.956836
2026-02-01,Sacramento City Fire Department,,Sacramento,,"95811, 95814, 95815, 95816, 95817, 95818, 95819, 95820, 95822, 95824, 95826, 95831, 95832, 95833, 95834, 95835, 95838",,,Emergency (911),,Sacramento City Fire Department,,1848.26,,2069.65,,,,37.94,2025-01-01,Verified from Sacramento County EMS Agency 2025 Ground Ambulance Provider Rates (Rev. 12/30/2024),https://dhs.saccounty.gov/PUB/EMS/Documents/Ambulance%20Fees/2025%20Ambulance%20Fees/EMSA%20Letter_Approved%20Ground%20Ambulance%20Transportation%20Rates_2025.pdf,https://dhs.saccounty.gov/PUB/EMS/Documents/Ambulance%20Fees/2025%20Ambulance%20Fees/EMSA%20Letter_Approved%20Ground%20Ambulance%20Transportation%20Rates_2025.pdf,,https://npiregistry.cms.hhs.gov/,2026-02-01T20:37:04.246554
2026-02-01,ProTransport-1,,Sacramento,,"95608, 95609, 95610, 95615, 95621, 95624, 95626, 95628, 95630, 95632, 95638, 95639, 95641, 95652, 95655, 95660, 95662, 95670, 95673, 95680, 95683, 95690, 95693, 95741, 95742, 95757, 95758, 95811, 95814, 95815, 95816, 95817, 95818, 95819, 95820, 95821, 95822, 95823, 95824, 95825, 95826, 95827, 95828, 95829, 95830, 95831, 95832, 95833, 95834, 95835, 95836, 95837, 95838, 95841, 95842, 95843, 95864",,,Non-Emergency (IFT),,ProTransport-1,,5540.0,,4600.0,,14500.0,,78.0,2025-01-01,Verified from Sacramento County EMS Agency 2025 Ground Ambulance Provider Rates (Rev. 12/30/2024),https://dhs.saccounty.gov/PUB/EMS/Documents/Ambulance%20Fees/2025%20Ambulance%20Fees/EMSA%20Letter_Approved%20Ground%20Ambulance%20Transportation%20Rates_2025.pdf,https://dhs.saccounty.gov/PUB/EMS/Documents/Ambulance%20Fees/2025%20Ambulance%20Fees/EMSA%20Letter_Approved%20Ground%20Ambulance%20Transportation%20Rates_2025.pdf,,https://npiregistry.cms.hhs.gov/,2026-02-01T20:37:04.246554
2026-02-01,NorCal Ambulance,,Sacramento,,"95608, 95609, 95610, 95615, 95621, 95624, 95626, 95628, 95630, 95632, 95638, 95639, 95641, 95652, 95655, 95660, 95662, 95670, 95673, 95680, 95683, 95690, 95693, 95741, 95742, 95757, 95758, 95811, 95814, 95815, 95816, 95817, 95818, 95819, 95820, 95821, 95822, 95823, 95824, 95825, 95826, 95827, 95828, 95829, 95830, 95831, 95832, 95833, 95834, 95835, 95836, 95837, 95838, 95841, 95842, 95843, 95864",,,Non-Emergency (IFT),,NorCal Ambulance,,4600.0,,5465.0,,14500.0,,75.0,2025-01-01,Verified from Sacramento County EMS Agency 2025 Ground Ambulance Provider Rates (Rev. 12/30/2024),https://dhs.saccounty.gov/PUB/EMS/Documents/Ambulance%20Fees/2025%20Ambulance%20Fees/EMSA%20Letter_Approved%20Ground%20Ambulance%20Transportation%20Rates_2025.pdf,https://dhs.saccounty.gov/PUB/EMS/Documents/Ambulance%20Fees/2025%20Ambulance%20Fees/EMSA%20Letter_Approved%20Ground%20Ambulance%20Transportation%20Rates_2025.pdf,,https://npiregistry.cms.hhs.gov/,2026-02-01T20:37:04.246554
2026-02-01,Cosumnes CSD Fire Department,,Sacramento,,"95624, 95632, 95638, 95639, 95641, 95693, 95757, 95758",,,Emergency (911),,Cosumnes CSD Fire Department,,2654.67,,2654.67,,,,39.73,2025-01-01,Verified from Sacramento County EMS Agency 2025 Ground Ambulance Provider Rates (Rev. 12/30/2024),https://dhs.saccounty.gov/PUB/EMS/Documents/Ambulance%20Fees/2025%20Ambulance%20Fees/EMSA%20Letter_Approved%20Ground%20Ambulance%20Transportation%20Rates_2025.pdf,https://dhs.saccounty.gov/PUB/EMS/Documents/Ambulance%20Fees/2025%20Ambulance%20Fees/EMSA%20Letter_Approved%20Ground%20Ambulance%20Transportation%20Rates_2025.pdf,,https://npiregistry.cms.hhs.gov/,2026-02-01T20:37:04.246554
2026-02-01,Folsom City Fire Department,,Sacramento,,"95630, 95762",,,Emergency (911),,Folsom City Fire Department,,2158.0,,2158.0,,,,39.0,2025-01-01,Verified from Sacramento County EMS Agency 2025 Ground Ambulance Provider Rates (Rev. 12/30/2024),https://dhs.saccounty.gov/PUB/EMS/Documents/Ambulance%20Fees/2025%20Ambulance%20Fees/EMSA%20Letter_Approved%20Ground%20Ambulance%20Transportation%20Rates_2025.pdf,https://dhs.saccounty.gov/PUB/EMS/Documents/Ambulance%20Fees/2025%20Ambulance%20Fees/EMSA%20Letter_Approved%20Ground%20Ambulance%20Transportation%20Rates_2025.pdf,,https://npiregistry.cms.hhs.gov/,2026-02-01T20:37:04.246554
2026-02-01,Bay Medic Transportation,,Sacramento,,"95608, 95609, 95610, 95615, 95621, 95624, 95626, 95628, 95630, 95632, 95638, 95639, 95641, 95652, 95655, 95660, 95662, 95670, 95673, 95680, 95683, 95690, 95693, 95741, 95742, 95757, 95758, 95811, 95814, 95815, 95816, 95817, 95818, 95819, 95820, 95821, 95822, 95823, 95824, 95825, 95826, 95827, 95828, 95829, 95830, 95831, 95832, 95833, 95834, 95835, 95836, 95837, 95838, 95841, 95842, 95843, 95864",,,Non-Emergency (IFT),,Bay Medic Transportation,,2900.0,,3615.0,,9975.0,,72.0,2025-01-01,Verified from Sacramento County EMS Agency 2025 Ground Ambulance Provider Rates (Rev. 12/30/2024),https://dhs.saccounty.gov/PUB/EMS/Documents/Ambulance%20Fees/2025%20Ambulance%20Fees/EMSA%20Letter_Approved%20Ground%20Ambulance%20Transportation%20Rates_2025.pdf,https://dhs.saccounty.gov/PUB/EMS/Documents/Ambulance%20Fees/2025%20Ambulance%20Fees/EMSA%20Letter_Approved%20Ground%20Ambulance%20Transportation%20Rates_2025.pdf,,https://npiregistry.cms.hhs.gov/,2026-02-01T20:37:04.246554
2026-02-01,AmWest Ambulance,,Sacramento,,"95608, 95609, 95610, 95615, 95621, 95624, 95626, 95628, 95630, 95632, 95638, 95639, 95641, 95652, 95655, 95660, 95662, 95670, 95673, 95680, 95683, 95690, 95693, 95741, 95742, 95757, 95758, 95811, 95814, 95815, 95816, 95817, 95818, 95819, 95820, 95821, 95822, 95823, 95824, 95825, 95826, 95827, 95828, 95829, 95830, 95831, 95832, 95833, 95834, 95835, 95836, 95837, 95838, 95841, 95842, 95843, 95864",,,Non-Emergency (IFT),,AmWest Ambulance,,3640.0,,4135.04,,9100.0,,65.52,2025-01-01,Verified from Sacramento County EMS Agency 2025 Ground Ambulance Provider Rates (Rev. 12/30/2024),https://dhs.saccounty.gov/PUB/EMS/Documents/Ambulance%20Fees/2025%20Ambulance%20Fees/EMSA%20Letter_Approved%20Ground%20Ambulance%20Transportation%20Rates_2025.pdf,https://dhs.saccounty.gov/PUB/EMS/Documents/Ambulance%20Fees/2025%20Ambulance%20Fees/EMSA%20Letter_Approved%20Ground%20Ambulance%20Transportation%20Rates_2025.pdf,,https://npiregistry.cms.hhs.gov/,2026-02-01T20:37:04.246554
2026-02-01,Alpha One Ambulance Medical Services,,Sacramento,,"95608, 95609, 95610, 95615, 95621, 95624, 95626, 95628, 95630, 95632, 95638, 95639, 95641, 95652, 95655, 95660, 95662, 95670, 95673, 95680, 95683, 95690, 95693, 95741, 95742, 95757, 95758, 95811, 95814, 95815, 95816, 95817, 95818, 95819, 95820, 95821, 95822, 95823, 95824, 95825, 95826, 95827, 95828, 95829, 95830, 95831, 95832, 95833, 95834, 95835, 95836, 95837, 95838, 95841, 95842, 95843, 95864",,,Non-Emergency (IFT),,Alpha One Ambulance Medical Services,,3326.4,,4752.0,,16500.0,,70.64,2025-01-01,Verified from Sacramento County EMS Agency 2025 Ground Ambulance Provider Rates (Rev. 12/30/2024),https://dhs.saccounty.gov/PUB/EMS/Documents/Ambulance%20Fees/2025%20Ambulance%20Fees/EMSA%20Letter_Approved%20Ground%20Ambulance%20Transportation%20Rates_2025.pdf,https://dhs.saccounty.gov/PUB/EMS/Documents/Ambulance%20Fees/2025%20Ambulance%20Fees/EMSA%20Letter_Approved%20Ground%20Ambulance%20Transportation%20Rates_2025.pdf,,https://npiregistry.cms.hhs.gov/,2026-02-01T20:37:04.246554
2026-02-01,Medic Ambulance Service,,Sacramento,,"95608, 95609, 95610, 95615, 95621, 95624, 95626, 95628, 95630, 95632, 95638, 95639, 95641, 95652, 95655, 95660, 95662, 95670, 95673, 95680, 95683, 95690, 95693, 95741, 95742, 95757, 95758, 95811, 95814, 95815, 95816, 95817, 95818, 95819, 95820, 95821, 95822, 95823, 95824, 95825, 95826, 95827, 95828, 95829, 95830, 95831, 95832, 95833, 95834, 95835, 95836, 95837, 95838, 95841, 95842, 95843, 95864",,,Non-Emergency (IFT),,Medic Ambulance Service,,2875.71,,2875.71,,7535.0,,75.0,2025-01-01,Verified from Sacramento County EMS Agency 2025 Ground Ambulance Provider Rates (Rev. 12/30/2024),https://dhs.saccounty.gov/PUB/EMS/Documents/Ambulance%20Fees/2025%20Ambulance%20Fees/EMSA%20Letter_Approved%20Ground%20Ambulance%20Transportation%20Rates_2025.pdf,https://dhs.saccounty.gov/PUB/EMS/Documents/Ambulance%20Fees/2025%20Ambulance%20Fees/EMSA%20Letter_Approved%20Ground%20Ambulance%20Transportation%20Rates_2025.pdf,,https://npiregistry.cms.hhs.gov/,2026-02-01T20:37:04.246554
2026-02-01,Sacramento Metropolitan Fire District,,Sacramento,,"95608, 95610, 95621, 95628, 95660, 95662, 95670, 95673, 95683, 95821, 95825, 95827, 95828, 95829, 95830, 95837, 95841, 95842, 95843, 95864",,,Emergency (911),,Sacramento Metropolitan Fire District,,2793.0,,2793.0,,,,50.0,2025-01-01,Verified from Sacramento County EMS Agency 2025 Ground Ambulance Provider Rates (Rev. 12/30/2024),https://dhs.saccounty.gov/PUB/EMS/Documents/Ambulance%20Fees/2025%20Ambulance%20Fees/EMSA%20Letter_Approved%20Ground%20Ambulance%20Transportation%20Rates_2025.pdf,https://dhs.saccounty.gov/PUB/EMS/Documents/Ambulance%20Fees/2025%20Ambulance%20Fees/EMSA%20Letter_Approved%20Ground%20Ambulance%20Transportation%20Rates_2025.pdf,,https://npiregistry.cms.hhs.gov/,2026-02-01T20:37:04.246554
2026-01-11,San Benito County EMS Agency,1417053231.0,San Benito,"Hollister, San Juan Bautista","95004, 95023, 95024, 95043, 95045, 95075",County-wide,,Emergency (911),1417053231.0,San Benito County EMS Agency,2500.0,2500.0,3000.0,3000.0,,,,52.0,,"Fallback from notes: ALS $3,000, BLS $2,500, Mileage $52/mi (2025 AMR rates)",https://www.sanbenitocountyca.gov/departments/office-of-emergency-services-oes-and-emergency-medical-services/emergency-medical-services-ems,https://www.sanbenitocountyca.gov/departments/office-of-emergency-services-oes-and-emergency-medical-services/emergency-medical-services-ems,https://www.sanbenitocountyca.gov/departments/office-of-emergency-services-oes-and-emergency-medical-services/emergency-medical-services-ems,https://npiregistry.cms.hhs.gov/,2026-01-11T22:32:01.636389
2026-01-11,Inland Counties EMS Agency,1376656973.0,San Bernardino,"San Bernardino, Fontana, Ontario, Rancho Cucamonga, Rialto, Redlands, Upland, Chino, Victorville, Hesperia, Apple Valley, Barstow, Big Bear Lake","91701, 91708, 91709, 91710, 91729, 91730, 91737, 91739, 91743, 91758, 91759, 91761, 91762, 91763, 91764, 91784, 91785, 91786, 92242, 92252, 92256, 92267, 92268, 92277, 92278, 92280, 92284, 92285, 92286, 92301, 92304, 92305, 92307, 92308, 92309, 92310, 92311, 92313, 92314, 92315, 92316, 92317, 92318, 92321, 92322, 92324, 92325, 92327, 92333, 92335, 92336, 92337, 92338, 92339, 92341, 92342, 92344, 92345, 92346, 92347, 92352, 92354, 92356, 92357, 92358, 92359, 92363, 92364, 92365, 92368, 92371, 92372, 92373, 92374, 92376, 92377, 92378, 92382, 92385, 92386, 92391, 92392, 92394, 92395, 92397, 92399, 92401, 92404, 92405, 92407, 92408, 92410, 92411",County-wide,,Emergency (911),1376656973.0,ICEMA Ground Providers,1485.67,1634.25,2062.35,2268.58,,2436.02,,34.67,2023-07-01,Verified from ICEMA FY 2023-24 rate schedule (rural/wilderness rates),https://icema.sbcounty.gov/for-the-public/ambulance-rates/,https://icema.sbcounty.gov/wp-content/uploads/sites/100/Documents/ICEMA-Mailings/Mailings-2023/SBCAmbulanceRates.pdf,https://icema.sbcounty.gov/for-the-public/ambulance-rates/,https://npiregistry.cms.hhs.gov/,2026-02-01T17:14:44.760712
2026-01-11,San Diego County Fire District,1114989639.0,San Diego,"Encinitas, Escondido, Fallbrook, Poway, San Marcos","91901, 91902, 91905, 91906, 91910, 91911, 91913, 91914, 91915, 91916, 91917, 91931, 91932, 91934, 91935, 91941, 91942, 91945, 91950, 91962, 91963, 91977, 91978, 92003, 92004, 92007, 92008, 92009, 92010, 92011, 92014, 92019, 92020, 92021, 92024, 92025, 92026, 92027, 92028, 92029, 92036, 92037, 92040, 92054, 92055, 92056, 92057, 92058, 92059, 92061, 92064, 92065, 92066, 92067, 92069, 92070, 92071, 92075, 92078, 92081, 92082, 92083, 92084, 92086, 92091, 92101, 92102, 92103, 92104, 92105, 92106, 92107, 92108, 92109, 92110, 92111, 92113, 92114, 92115, 92116, 92117, 92118, 92119, 92120, 92121, 92122, 92123, 92124, 92126, 92127, 92128, 92129, 92130, 92131, 92139, 92140, 92154, 92173",County-wide,,Emergency (911),1114989639.0,San Diego County Fire District,,,,3743.0,,,460.0,48.0,"July 1, 2025",,https://www.sandiegocounty.gov/content/sdc/sdcfa/sdcfd_emergency_ambulance_services.html,https://www.sandiegocounty.gov/content/sdc/sdcfa/sdcfd_emergency_ambulance_services.html,https://www.sandiegocounty.gov/content/sdc/sdcfa/sdcfd_emergency_ambulance_services.html,https://npiregistry.cms.hhs.gov/,2026-01-11T22:29:42.473429
2026-01-11,San Francisco Fire Department EMS,1629172082.0,San Francisco,San Francisco,"94102, 94103, 94104, 94105, 94107, 94108, 94109, 94110, 94111, 94112, 94114, 94115, 94116, 94117, 94118, 94121, 94122, 94123, 94124, 94127, 94129, 94130, 94131, 94132, 94133, 94134, 94158",City-wide,,Emergency (911),1629172082.0,San Francisco Fire Department EMS,,,,2555.0,,,,49.0,"September 1, 2025",,https://sf-fire.org/services/ambulance-billing,https://sf-fire.org/services/ambulance-billing,https://sf-fire.org/services/ambulance-billing,https://npiregistry.cms.hhs.gov/,2026-01-11T22:30:25.276669
2026-01-11,Manteca District Ambulance,1831297491.0,San Joaquin,Escalon,"95336, 95337",Zone D,Zone D service area,Emergency (911),1831297491.0,Manteca District Ambulance,,3371.63,,3953.56,,,,83.89,"May 9, 2025",,https://www.sjgov.org/department/ems/Menu/contracts-agreements/AllowableCharges,https://www.sjgov.org/department/ems/Menu/contracts-agreements/AllowableCharges,https://www.sjgov.org/department/ems/Menu/contracts-agreements/AllowableCharges,https://npiregistry.cms.hhs.gov/,2026-01-11T22:30:31.956805
2026-01-11,Ripon Consolidated Fire District,1134283179.0,San Joaquin,Manteca,95366,Zone E,Zone E service area,Emergency (911),1134283179.0,Ripon Consolidated Fire District,,3180.78,,3729.77,,,,79.14,"May 9, 2025",,https://www.sjgov.org/department/ems/Menu/contracts-agreements/AllowableCharges,https://www.sjgov.org/department/ems/Menu/contracts-agreements/AllowableCharges,https://www.sjgov.org/department/ems/Menu/contracts-agreements/AllowableCharges,https://npiregistry.cms.hhs.gov/,2026-01-11T22:30:31.956818
2026-01-11,Escalon Community Ambulance,1831297491.0,San Joaquin,Escalon,95320,Zone F,Zone F service area,Emergency (911),1831297491.0,Escalon Community Ambulance,,3058.44,,3586.32,,,,76.1,"May 9, 2025",,https://www.sjgov.org/department/ems/Menu/contracts-agreements/AllowableCharges,https://www.sjgov.org/department/ems/Menu/contracts-agreements/AllowableCharges,https://www.sjgov.org/department/ems/Menu/contracts-agreements/AllowableCharges,https://npiregistry.cms.hhs.gov/,2026-01-11T22:30:31.956786
2026-01-11,American Medical Response,1346242733.0,San Joaquin,"Stockton, Lodi, Tracy, Manteca, Lathrop","95201, 95202, 95203, 95204, 95205, 95206, 95207, 95209, 95210, 95211, 95212, 95215, 95219, 95220, 95227, 95231, 95234, 95236, 95237, 95240, 95241, 95242, 95253, 95258, 95304, 95330, 95361, 95376, 95377, 95385, 95391",Zone X,Zone X service area,Emergency (911),1346242733.0,American Medical Response,,3371.63,,3953.56,,10436.31,,83.89,"May 9, 2025",,https://www.sjgov.org/department/ems/Menu/contracts-agreements/AllowableCharges,https://www.sjgov.org/department/ems/Menu/contracts-agreements/AllowableCharges,https://www.sjgov.org/department/ems/Menu/contracts-agreements/AllowableCharges,https://npiregistry.cms.hhs.gov/,2026-01-11T22:30:31.956725
2026-01-11,San Luis Ambulance,1437176236.0,San Luis Obispo,"San Luis Obispo, Paso Robles, Atascadero, Morro Bay, Pismo Beach, Arroyo Grande, Grover Beach","93401, 93402, 93405, 93410, 93420, 93422, 93424, 93426, 93428, 93430, 93432, 93433, 93435, 93442, 93444, 93445, 93446, 93449, 93451, 93452, 93453, 93461, 93465",County-wide,,Emergency (911),1437176236.0,San Luis Ambulance,,,,3381.24,,8644.39,,71.36,"October 1st, 2025",,https://www.slocounty.ca.gov/departments/health-agency/public-health/emergency-medical-services/emergency-medical-services-agency/forms-documents/fees/ambulance-base-rates-10-1-24-to-9-30-25,https://www.slocounty.ca.gov/departments/health-agency/public-health/emergency-medical-services/emergency-medical-services-agency/forms-documents/fees/ambulance-base-rates-10-1-24-to-9-30-25,https://www.slocounty.ca.gov/departments/health-agency/public-health/emergency-medical-services,https://npiregistry.cms.hhs.gov/,2026-01-11T22:31:05.329103
2026-01-11,San Mateo County EMS Agency,1376656940.0,San Mateo,"San Mateo, Daly City, Redwood City, South San Francisco, San Bruno, Burlingame, Foster City, Pacifica, Half Moon Bay","94002, 94005, 94010, 94014, 94015, 94019, 94020, 94025, 94027, 94028, 94030, 94038, 94044, 94060, 94061, 94062, 94063, 94065, 94066, 94070, 94074, 94080, 94401, 94402, 94403, 94404",County-wide,,Emergency (911),1376656940.0,San Mateo County EMS Agency,,,,4123.15,,,,102.89,"July 1, 2025",,https://www.smchealth.org/pod/9-1-1-ambulance-transport-service-charges,https://www.smchealth.org/pod/9-1-1-ambulance-transport-service-charges,https://www.smchealth.org/pod/9-1-1-ambulance-transport-service-charges,https://npiregistry.cms.hhs.gov/,2026-01-11T22:30:30.627297
2026-01-11,Santa Barbara County EMS Agency,1316143953.0,Santa Barbara,"Santa Barbara, Santa Maria, Lompoc, Goleta, Carpinteria, Solvang","93013, 93067, 93101, 93103, 93105, 93108, 93109, 93110, 93111, 93117, 93254, 93427, 93429, 93434, 93436, 93437, 93440, 93441, 93454, 93455, 93458, 93460, 93463, 93464",County-wide,,Emergency (911),1316143953.0,AMR,6213.0,2994.0,6213.0,4606.0,,6213.0,,,2025-01-01,Verified from Santa Barbara County AMR contract (35% rate increase approved 2025),https://www.countyofsb.org/2024/EMS-Agency,https://www.countyofsb.org/3419/EMS-Ambulance-RFP-Overview,https://www.countyofsb.org/2024/EMS-Agency,https://npiregistry.cms.hhs.gov/,2026-02-01T16:45:26.284457
2026-01-11,Santa Clara County EMS Agency,1285748059.0,Santa Clara,"San Jose, Santa Clara, Sunnyvale, Mountain View, Palo Alto, Milpitas, Cupertino, Los Gatos, Gilroy, Morgan Hill","94022, 94024, 94035, 94040, 94041, 94043, 94085, 94086, 94087, 94089, 94301, 94303, 94304, 94305, 94306, 95002, 95008, 95013, 95014, 95020, 95030, 95031, 95032, 95035, 95037, 95046, 95050, 95051, 95054, 95070, 95110, 95111, 95112, 95113, 95116, 95117, 95118, 95119, 95120, 95121, 95122, 95123, 95124, 95125, 95126, 95127, 95128, 95129, 95130, 95131, 95132, 95133, 95134, 95135, 95136, 95138, 95139, 95140, 95148",County-wide,,Emergency (911),1285748059.0,Santa Clara County EMS Agency,2100.0,2100.0,2574.0,2574.0,,,,62.18,,"Fallback from notes: ALS $2,574, BLS $2,100, Mileage $62.18/mi (2025 AMR rates)",https://ems.santaclaracounty.gov/documents/agreements,https://ems.santaclaracounty.gov/documents/agreements,https://ems.santaclaracounty.gov/,https://npiregistry.cms.hhs.gov/,2026-01-11T22:29:55.304152
2026-01-11,Santa Cruz County EMS Agency,1376656957.0,Santa Cruz,"Santa Cruz, Watsonville, Capitola, Scotts Valley, Aptos","95001, 95003, 95005, 95006, 95007, 95010, 95017, 95018, 95019, 95033, 95041, 95060, 95062, 95063, 95064, 95065, 95066, 95073, 95076",County-wide,,Emergency (911),1376656957.0,Santa Cruz County EMS Agency,3010.52,3010.52,3010.52,3010.52,,,,,,,https://www.santacruzhealth.org/Portals/7/Pdfs/EMS/Misc/Website%20ambulance%20rates.pdf,https://www.santacruzhealth.org/Portals/7/Pdfs/EMS/Misc/Website%20ambulance%20rates.pdf,https://www.santacruzhealth.org/,https://npiregistry.cms.hhs.gov/,2026-01-11T22:31:03.781774
2026-01-11,Sierra-Sacramento Valley EMS,1447454541.0,Shasta,"Redding, Anderson, Shasta Lake","96001, 96002, 96003, 96007, 96008, 96011, 96013, 96016, 96017, 96019, 96021, 96022, 96028, 96033, 96047, 96051, 96052, 96059, 96062, 96063, 96065, 96069, 96070, 96071, 96073, 96076, 96080, 96084, 96087, 96088, 96089, 96095, 96099",County-wide,,Emergency (911),1447454541.0,AMR Shasta County,,4910.0,,5400.0,,,,170.0,2025-12-01,"Verified from SSV EMS Ground Ambulance Provider Rates (December 1, 2025) - AMR Shasta County: ALS $5,400.00, BLS $4,910.00, Mileage $170.00. Also Mercy Redding Ambulance, Sierra Nevada Ambulance, St. Elizabeth Ambulance, Burney Fire serve the county.",https://www.ssvems.com/wp-content/uploads/2025/06/S-SV-EMS-Fee-Schedule-Effective-7-1-2025-draft.pdf,https://www.ssvems.com/wp-content/uploads/2026/01/S-SV-EMS-Region-Ground-Ambulance-Rates-12-1-2025.pdf,https://www.ssvems.com/,https://npiregistry.cms.hhs.gov/,2026-02-01T19:18:17.016784
2026-01-11,Sierra County Health Department,1740395867.0,Sierra,"Downieville, Loyalton","96103, 96118, 96125, 96126",County-wide,,Emergency (911),1740395867.0,Downieville Fire Protection District,1500.0,2000.0,2500.0,2500.0,,,,60.0,2026-01-01,Verified from NorCal EMS 2026 rate form,https://www.sierracounty.ca.gov/,https://norcalems.org/wp-content/uploads/2025/12/2026-GROUND-AMBULANCE-RATE-FORM-.pdf,https://www.sierracounty.ca.gov/,https://npiregistry.cms.hhs.gov/,2026-02-01T16:45:26.281840
2026-01-11,Sierra-Sacramento Valley EMS,1447454541.0,Siskiyou,"Yreka, Mount Shasta, Weed, Dunsmuir","96014, 96023, 96025, 96027, 96031, 96032, 96034, 96037, 96038, 96039, 96044, 96050, 96058, 96064, 96067, 96085, 96086, 96094, 96097",County-wide,,Emergency (911),1447454541.0,Mt. Shasta Ambulance,,2250.0,,4000.0,4000.0,4500.0,3500.0,60.0,2025-12-01,"Verified from SSV EMS Ground Ambulance Provider Rates (December 1, 2025) - Mt. Shasta Ambulance: ALS $4,000, BLS $2,250, CCT $4,500, Mileage $60. Also Happy Camp Ambulance, City of Etna, McCloud Fire serve the county.",https://www.ssvems.com/wp-content/uploads/2025/06/S-SV-EMS-Fee-Schedule-Effective-7-1-2025-draft.pdf,https://www.ssvems.com/wp-content/uploads/2026/01/S-SV-EMS-Region-Ground-Ambulance-Rates-12-1-2025.pdf,https://www.ssvems.com/,https://npiregistry.cms.hhs.gov/,2026-02-01T19:18:17.016784
2026-01-11,Solano EMS Cooperative,1629283188.0,Solano,"Vallejo, Fairfield, Vacaville, Suisun City, Benicia, Dixon, Rio Vista","94503, 94510, 94512, 94533, 94534, 94535, 94571, 94585, 94589, 94590, 94591, 94592",County-wide,,Emergency (911),1629283188.0,Solano EMS Cooperative,2550.0,2550.0,3050.0,3050.0,,,,46.0,,"Fallback from notes: ALS $3,050, BLS $2,550, Mileage $46/mi (2025 Medic Ambulance rates)",https://www.solanocounty.com/depts/ems/,https://www.solanocounty.com/depts/ems/,https://www.solanocounty.com/depts/ems/,https://npiregistry.cms.hhs.gov/,2026-01-11T22:31:00.811369
2026-01-11,Coastal Valleys EMS Agency,1447454533.0,Sonoma,"Santa Rosa, Petaluma, Rohnert Park, Windsor, Healdsburg, Sebastopol, Sonoma, Cloverdale","94922, 94923, 94926, 94928, 94931, 94951, 94952, 94954, 95401, 95403, 95404, 95405, 95407, 95409, 95412, 95416, 95419, 95421, 95425, 95430, 95431, 95436, 95439, 95441, 95442, 95444, 95446, 95448, 95450, 95452, 95462, 95465, 95471, 95472, 95476, 95480, 95486, 95492, 95497",County-wide,,Emergency (911),1447454533.0,Sonoma County Fire District / Medic Ambulance,2400.0,2400.0,2900.0,3100.0,,,,42.0,2024-01-01,"Verified from Press Democrat - Sonoma County Fire District EOA-1 ALS base rate $3,100 (pending 24.25% increase)",https://www.coastalvalleysems.org/resources/pdf/ambulancerates.pdf,https://www.pressdemocrat.com/2025/05/27/sonoma-countys-largest-ambulance-provider-wants-a-nearly-25-rate-increase-heres-a-closer-look-at-its-proposal/,https://www.coastalvalleysems.org/,https://npiregistry.cms.hhs.gov/,2026-02-01T17:16:57.747122
2026-01-11,Del Puerto Healthcare District,1477654691.0,Stanislaus,"Patterson, Westley",95363,Zone 4 & D,,Emergency (911),1477654691.0,Del Puerto Healthcare District,,1870.0,,2865.0,3000.0,,300.0,80.0,,,https://oes.stancounty.gov/divisions/emergency-medical-services-agency/ambulance-rates,https://oes.stancounty.gov/divisions/emergency-medical-services-agency/ambulance-rates,https://oes.stancounty.gov/divisions/emergency-medical-services-agency/ambulance-rates,https://npiregistry.cms.hhs.gov/,2026-01-11T22:30:39.418968
2026-01-11,American Medical Response,1346242733.0,Stanislaus,"Modesto, Turlock, Ceres, Riverbank, Hughson","95307, 95313, 95316, 95319, 95323, 95326, 95328, 95329, 95350, 95351, 95354, 95355, 95356, 95357, 95358, 95360, 95361, 95367, 95368, 95380, 95382, 95386, 95387",Zone 5,,Emergency (911),1346242733.0,American Medical Response,,2622.96,,3680.31,,,346.58,80.57,,,https://oes.stancounty.gov/divisions/emergency-medical-services-agency/ambulance-rates,https://oes.stancounty.gov/divisions/emergency-medical-services-agency/ambulance-rates,https://oes.stancounty.gov/divisions/emergency-medical-services-agency/ambulance-rates,https://npiregistry.cms.hhs.gov/,2026-01-11T22:30:39.418933
2026-01-11,Oak Valley Hospital District,1346381415.0,Stanislaus,"Patterson, Westley",95363,Zone A,,Emergency (911),1346381415.0,Oak Valley Hospital District,,2334.0,,3624.0,4434.0,,264.0,12.0,,,https://oes.stancounty.gov/divisions/emergency-medical-services-agency/ambulance-rates,https://oes.stancounty.gov/divisions/emergency-medical-services-agency/ambulance-rates,https://oes.stancounty.gov/divisions/emergency-medical-services-agency/ambulance-rates,https://npiregistry.cms.hhs.gov/,2026-01-11T22:30:39.418984
2026-01-11,Citizen Medical Response,1700856952.0,Stanislaus,"Modesto, Turlock, Ceres, Riverbank, Hughson","95307, 95313, 95316, 95319, 95323, 95326, 95328, 95329, 95350, 95351, 95354, 95355, 95356, 95357, 95358, 95360, 95361, 95363, 95367, 95368, 95380, 95382, 95386, 95387",Zone 5,,Non-Emergency (IFT),1700856952.0,Citizen Medical Response,675.0,,,,,,,13.0,,,https://oes.stancounty.gov/divisions/emergency-medical-services-agency/ambulance-rates,https://oes.stancounty.gov/divisions/emergency-medical-services-agency/ambulance-rates,https://oes.stancounty.gov/divisions/emergency-medical-services-agency/ambulance-rates,https://npiregistry.cms.hhs.gov/,2026-01-11T22:30:39.419900
2026-01-11,Allstar Ambulance,1639283087.0,Stanislaus,Stanislaus County-wide,"95307, 95313, 95316, 95319, 95323, 95326, 95328, 95329, 95350, 95351, 95354, 95355, 95356, 95357, 95358, 95360, 95361, 95363, 95367, 95368, 95380, 95382, 95386, 95387",County-wide IFT,,Non-Emergency (IFT),1639283087.0,Allstar Ambulance,2350.0,,,,,,,70.0,,,https://oes.stancounty.gov/divisions/emergency-medical-services-agency/ambulance-rates,https://oes.stancounty.gov/divisions/emergency-medical-services-agency/ambulance-rates,https://oes.stancounty.gov/divisions/emergency-medical-services-agency/ambulance-rates,https://npiregistry.cms.hhs.gov/,2026-01-11T22:30:39.419196
2026-01-11,America West,1487864117.0,Stanislaus,"Modesto, Turlock, Ceres, Riverbank, Hughson","95307, 95313, 95316, 95319, 95323, 95326, 95328, 95329, 95350, 95351, 95354, 95355, 95356, 95357, 95358, 95360, 95361, 95363, 95367, 95368, 95380, 95382, 95386, 95387",Zone 5,,Non-Emergency (IFT),1487864117.0,America West,3900.0,,,,,,,80.0,,,https://oes.stancounty.gov/divisions/emergency-medical-services-agency/ambulance-rates,https://oes.stancounty.gov/divisions/emergency-medical-services-agency/ambulance-rates,https://oes.stancounty.gov/divisions/emergency-medical-services-agency/ambulance-rates,https://npiregistry.cms.hhs.gov/,2026-01-11T22:30:39.419458
2026-01-11,AmWest Ambulance,1487864117.0,Stanislaus,Stanislaus County-wide,"95307, 95313, 95316, 95319, 95323, 95326, 95328, 95329, 95350, 95351, 95354, 95355, 95356, 95357, 95358, 95360, 95361, 95363, 95367, 95368, 95380, 95382, 95386, 95387",County-wide IFT,,Non-Emergency (IFT),1487864117.0,AmWest Ambulance,2860.0,,3722.16,,,9100.0,,65.52,,,https://oes.stancounty.gov/divisions/emergency-medical-services-agency/ambulance-rates,https://oes.stancounty.gov/divisions/emergency-medical-services-agency/ambulance-rates,https://oes.stancounty.gov/divisions/emergency-medical-services-agency/ambulance-rates,https://npiregistry.cms.hhs.gov/,2026-01-11T22:30:39.419629
2026-01-11,Bay Medic,1700856952.0,Stanislaus,"Modesto, Turlock, Ceres, Riverbank, Hughson","95307, 95313, 95316, 95319, 95323, 95326, 95328, 95329, 95350, 95351, 95354, 95355, 95356, 95357, 95358, 95360, 95361, 95363, 95367, 95368, 95380, 95382, 95386, 95387",Zone 5,,Non-Emergency (IFT),1700856952.0,Bay Medic,2485.0,,3250.0,,,9975.0,,72.0,,,https://oes.stancounty.gov/divisions/emergency-medical-services-agency/ambulance-rates,https://oes.stancounty.gov/divisions/emergency-medical-services-agency/ambulance-rates,https://oes.stancounty.gov/divisions/emergency-medical-services-agency/ambulance-rates,https://npiregistry.cms.hhs.gov/,2026-01-11T22:30:39.419764
2026-01-11,Norcal Ambulance,1245346123.0,Stanislaus,Stanislaus County-wide,"95307, 95313, 95316, 95319, 95323, 95326, 95328, 95329, 95350, 95351, 95354, 95355, 95356, 95357, 95358, 95360, 95361, 95363, 95367, 95368, 95380, 95382, 95386, 95387",County-wide IFT,,Non-Emergency (IFT),1245346123.0,Norcal Ambulance,3050.0,,3425.0,,,14500.0,,75.0,,,https://oes.stancounty.gov/divisions/emergency-medical-services-agency/ambulance-rates,https://oes.stancounty.gov/divisions/emergency-medical-services-agency/ambulance-rates,https://oes.stancounty.gov/divisions/emergency-medical-services-agency/ambulance-rates,https://npiregistry.cms.hhs.gov/,2026-01-11T22:30:39.420030
2026-01-11,Pro Transport-1,1497854116.0,Stanislaus,Stanislaus County-wide,"95307, 95313, 95316, 95319, 95323, 95326, 95328, 95329, 95350, 95351, 95354, 95355, 95356, 95357, 95358, 95360, 95361, 95363, 95367, 95368, 95380, 95382, 95386, 95387",County-wide IFT,,Non-Emergency (IFT),1497854116.0,Pro Transport-1,3050.0,,5050.0,,,14500.0,,78.0,,,https://oes.stancounty.gov/divisions/emergency-medical-services-agency/ambulance-rates,https://oes.stancounty.gov/divisions/emergency-medical-services-agency/ambulance-rates,https://oes.stancounty.gov/divisions/emergency-medical-services-agency/ambulance-rates,https://npiregistry.cms.hhs.gov/,2026-01-11T22:30:39.420153
2026-01-11,Westside Healthcare District,1629283170.0,Stanislaus,"Patterson, Westley",95363,Zone W,,Emergency (911),1629283170.0,Westside Healthcare District,,2000.0,,3000.0,,,,80.0,,,https://oes.stancounty.gov/divisions/emergency-medical-services-agency/ambulance-rates,https://oes.stancounty.gov/divisions/emergency-medical-services-agency/ambulance-rates,https://oes.stancounty.gov/divisions/emergency-medical-services-agency/ambulance-rates,https://npiregistry.cms.hhs.gov/,2026-01-11T22:30:39.418999
2026-01-11,Sierra-Sacramento Valley EMS,1447454541.0,Sutter,"Yuba City, Live Oak","95637, 95659, 95668, 95674, 95676, 95692, 95953, 95957, 95982, 95991, 95992, 95993",County-wide,,Emergency (911),1447454541.0,Bi-County Ambulance Sutter County,,3296.0,,3296.0,3296.0,,,72.1,2025-12-01,"Verified from SSV EMS Ground Ambulance Provider Rates (December 1, 2025) - Bi-County Ambulance Sutter County: ALS $3,296.00, LALS $3,296.00, BLS $3,296.00, Mileage $72.10",https://www.ssvems.com/wp-content/uploads/2025/06/S-SV-EMS-Fee-Schedule-Effective-7-1-2025-draft.pdf,https://www.ssvems.com/wp-content/uploads/2026/01/S-SV-EMS-Region-Ground-Ambulance-Rates-12-1-2025.pdf,https://www.ssvems.com/,https://npiregistry.cms.hhs.gov/,2026-02-01T19:18:17.016784
2026-01-11,Sierra-Sacramento Valley EMS,1447454541.0,Tehama,"Red Bluff, Corning, Tehama","96021, 96022, 96029, 96035, 96055, 96059, 96061, 96074, 96075, 96078, 96080, 96090, 96092",County-wide,,Emergency (911),1447454541.0,Mayers Memorial Healthcare District / Westside Ambulance,,1319.0,,1802.0,,,253.0,44.0,2025-12-01,"Verified from SSV EMS Ground Ambulance Provider Rates (December 1, 2025) - Mayers Memorial Healthcare District: ALS $1,802, BLS $1,319, No Transport $253, Mileage $44. Also Westside Ambulance: ALS $4,656, BLS $2,875, Mileage $120.",https://www.ssvems.com/wp-content/uploads/2025/06/S-SV-EMS-Fee-Schedule-Effective-7-1-2025-draft.pdf,https://www.ssvems.com/wp-content/uploads/2026/01/S-SV-EMS-Region-Ground-Ambulance-Rates-12-1-2025.pdf,https://www.ssvems.com/,https://npiregistry.cms.hhs.gov/,2026-02-01T19:18:17.016784
2026-01-11,North Coast EMS,1316143920.0,Trinity,"Weaverville, Hayfork","96010, 96024, 96041, 96046, 96048, 96052, 96076, 96091, 96093",County-wide,,Emergency (911),1316143920.0,Trinity Life Support,1500.0,1700.0,1800.0,2400.0,2700.0,2800.0,,40.0,2026-01-01,Verified from NorCal EMS 2026 rate form (did not receive 2026 updates - using 2025),https://www.trinitycounty.org/Health-Human-Services,https://norcalems.org/wp-content/uploads/2025/12/2026-GROUND-AMBULANCE-RATE-FORM-.pdf,https://www.trinitycounty.org/Health-Human-Services,https://npiregistry.cms.hhs.gov/,2026-02-01T16:45:26.282840
2026-01-11,Central California EMS Agency,1124333693.0,Tulare,"Visalia, Tulare, Porterville, Hanford, Dinuba, Lindsay, Exeter","93201, 93207, 93208, 93212, 93215, 93218, 93219, 93221, 93223, 93227, 93235, 93237, 93244, 93247, 93256, 93257, 93260, 93261, 93262, 93265, 93267, 93270, 93271, 93272, 93274, 93275, 93277, 93286, 93290, 93291, 93292",County-wide,,Emergency (911),1124333693.0,American Ambulance of Visalia,1172.8,1469.8,1939.1,2291.7,3350.5,,,49.2,2024-04-01,Verified from CCEMSA April 2024 Ambulance Rate Survey - American Ambulance of Visalia,https://www.fresnocountyca.gov/Departments/Public-Health/Emergency-Services/Emergency-Medical-Services-EMS/County-Operations/Tulare-County-Operations,https://www.fresnocountyca.gov/files/assets/county/v/1/public-health/emegency-medical-services/compliance-reports/ccemsa-2024-ambulance-rates.pdf,https://www.fresnocountyca.gov/Departments/Public-Health/Emergency-Services/Emergency-Medical-Services-EMS/County-Operations/Tulare-County-Operations,https://npiregistry.cms.hhs.gov/,2026-02-01T16:53:16.483418
2026-01-11,Mountain-Valley EMS Agency,1316143938.0,Tuolumne,"Sonora, Twain Harte, Groveland","95305, 95309, 95310, 95314, 95321, 95327, 95335, 95346, 95370, 95372, 95373, 95375, 95379, 95383",County-wide,,Emergency (911),1316143938.0,Mountain-Valley EMS Agency,2536.0,2536.0,3281.0,3281.0,3609.0,4927.0,627.0,92.0,,,https://www.tuolumnecounty.ca.gov/1807/Ambulance-Rates,https://www.tuolumnecounty.ca.gov/1807/Ambulance-Rates,https://www.tuolumnecounty.ca.gov/1807/Ambulance-Rates,https://npiregistry.cms.hhs.gov/,2026-01-11T22:32:09.193075
2026-01-11,Ventura County EMS Agency,,Ventura,"Ventura, Oxnard, Thousand Oaks, Simi Valley, Camarillo, Moorpark, Santa Paula, Fillmore, Ojai","91319, 91320, 91360, 91361, 91362, 93001, 93003, 93004, 93010, 93012, 93015, 93021, 93022, 93023, 93030, 93033, 93035, 93036, 93040, 93041, 93042, 93060, 93063, 93065, 93066",County-wide,,Emergency (911),,AMR Ventura County,2663.0,2663.0,3065.0,3065.0,,438.5,,81.5,"July 1, 2025",,https://www.amr.net/locations/california/ventura-county/ventura-county-rate-sheet,https://www.amr.net/locations/california/ventura-county/ventura-county-rate-sheet,https://www.amr.net/locations/california/ventura-county,https://npiregistry.cms.hhs.gov/,2026-01-11T22:30:29.255838
2026-01-11,Yolo Emergency Medical Services Agency,1700856952.0,Yolo,"Davis, Woodland, West Sacramento, Winters","95605, 95606, 95607, 95612, 95616, 95617, 95618, 95620, 95627, 95637, 95645, 95653, 95679, 95691, 95694, 95695, 95697, 95776",County-wide,,Emergency (911),1700856952.0,Yolo Emergency Medical Services Agency,2500.0,2500.0,3000.0,3000.0,,,,45.0,,"Fallback from notes: ALS $3,000, BLS $2,500, Mileage $45/mi (2025 AMR Sacramento Valley rates)",https://www.yolocounty.gov/government/general-government-departments/health-human-services/providers-partners/yolo-emergency-medical-services-agency-yemsa,https://www.yolocounty.gov/government/general-government-departments/health-human-services/providers-partners/yolo-emergency-medical-services-agency-yemsa,https://www.yolocounty.gov/government/general-government-departments/health-human-services/providers-partners/yolo-emergency-medical-services-agency-yemsa,https://npiregistry.cms.hhs.gov/,2026-01-11T22:31:20.793467
2026-01-11,Sierra-Sacramento Valley EMS,1447454541.0,Yuba,"Marysville, Linda, Olivehurst","95692, 95901, 95903, 95918, 95919, 95922, 95925, 95935, 95961, 95962, 95972",County-wide,,Emergency (911),1447454541.0,Bi-County Ambulance Yuba County,,3296.0,,3296.0,3296.0,,,72.1,2025-12-01,"Verified from SSV EMS Ground Ambulance Provider Rates (December 1, 2025) - Bi-County Ambulance Yuba County: ALS $3,296.00, LALS $3,296.00, BLS $3,296.00, Mileage $72.10",https://www.ssvems.com/wp-content/uploads/2025/06/S-SV-EMS-Fee-Schedule-Effective-7-1-2025-draft.pdf,https://www.ssvems.com/wp-content/uploads/2026/01/S-SV-EMS-Region-Ground-Ambulance-Rates-12-1-2025.pdf,https://www.ssvems.com/,https://npiregistry.cms.hhs.gov/,2026-02-01T19:18:17.016784
2026-02-01,Sacramento County EMS Agency,,Sacramento,,"95608, 95609, 95610, 95615, 95621, 95624, 95626, 95628, 95630, 95632, 95638, 95639, 95641, 95652, 95655, 95660, 95662, 95670, 95673, 95680, 95683, 95690, 95693, 95741, 95742, 95757, 95758, 95811, 95814, 95815, 95816, 95817, 95818, 95819, 95820, 95821, 95822, 95823, 95824, 95825, 95826, 95827, 95828, 95829, 95830, 95831, 95832, 95833, 95834, 95835, 95836, 95837, 95838, 95841, 95842, 95843, 95864",County-wide,,Non-Emergency (IFT),,AMR Sacramento County,3016.41,3016.41,3854.13,3854.13,,15084.0,,83.77,2025-01-01,Verified from Sacramento County EMS Agency 2025 Ground Ambulance Provider Rates (Rev. 12/30/2024),https://dhs.saccounty.gov/PUB/EMS/,https://dhs.saccounty.gov/PUB/EMS/Documents/Ambulance%20Fees/2025%20Ambulance%20Fees/EMSA%20Letter_Approved%20Ground%20Ambulance%20Transportation%20Rates_2025.pdf,,,2026-02-01T20:37:53.199455
